Top pages,Last 28 days Clicks,Previous 28 days Clicks,Last 28 days Impressions,Previous 28 days Impressions,Last 28 days CTR,Previous 28 days CTR,Last 28 days Position,Previous 28 days Position
https://www.inghengcredit.my/zh/blog/personal-loan-comparison-malaysia/,9,0,360,0,2.5%,0%,10.06,0
https://www.inghengcredit.my/zh/blog/how-to-get-personal-loan-malaysia/,4,0,54,0,7.41%,0%,14.54,0
https://www.inghengcredit.my/ms/,3,0,51,16,5.88%,0%,5.8,5.69
https://www.inghengcredit.my/ms/blog/huoche-daikuan-malaixiya/,3,0,46,0,6.52%,0%,6.74,0
https://www.inghengcredit.my/zh/blog/how-to-apply-business-loan-malaysia/,2,0,42,0,4.76%,0%,6.19,0
https://www.inghengcredit.my/en/blog/emergency-cash-loan-malaysia/,2,0,37,0,5.41%,0%,20.51,0
https://www.inghengcredit.my/zh/blog/how-to-apply-excavator-financing-malaysia,2,0,13,0,15.38%,0%,6.69,0
https://www.inghengcredit.my/zh/,2,0,11,9,18.18%,0%,5.18,3.56
https://www.inghengcredit.my/ms/blog/backhoe-financing-malaysia/,2,0,10,0,20%,0%,6.7,0
https://www.inghengcredit.my/en/equipment/crane/,1,1,56,20,1.79%,5%,31,23.75
https://www.inghengcredit.my/ms/equipment/excavator/,1,0,32,0,3.12%,0%,9.09,0
https://www.inghengcredit.my/ms/blog/3-ton-lorry-financing-malaysia,1,0,27,0,3.7%,0%,5.15,0
https://www.inghengcredit.my/en/blog/personal-loan-self-employed-malaysia/,1,0,21,0,4.76%,0%,11.57,0
https://www.inghengcredit.my/en/blog/personal-loan-no-credit-history-malaysia,1,0,21,0,4.76%,0%,32.71,0
https://www.inghengcredit.my/en/blog/backhoe-financing-malaysia,1,0,17,0,5.88%,0%,6.24,0
https://www.inghengcredit.my/en/blog/excavator-financing-small-contractors,1,0,16,0,6.25%,0%,8.44,0
https://www.inghengcredit.my/zh/blog/personal-loan-student-malaysia/,1,0,12,0,8.33%,0%,12.25,0
https://www.inghengcredit.my/ms/blog/pembiayaan-lori-startup-logistik,1,0,9,0,11.11%,0%,8.22,0
https://www.inghengcredit.my/ms/blog/cara-mohon-pinjaman-perniagaan-malaysia/,1,0,9,0,11.11%,0%,55.89,0
https://www.inghengcredit.my/ms/blog/pembiayaan-lori-startup-logistik/,1,0,8,0,12.5%,0%,7.88,0
https://www.inghengcredit.my/ms/blog/personal-loan-freelancer-malaysia/,1,0,8,0,12.5%,0%,21.12,0
https://www.inghengcredit.my/en/blog/personal-loan-freelancer-malaysia,1,0,5,0,20%,0%,11.6,0
https://www.inghengcredit.my/zh/blog/reach-truck-financing-malaysia/,1,0,4,0,25%,0%,2.25,0
https://www.inghengcredit.my/ms/blog/how-to-apply-excavator-financing-malaysia,1,0,3,0,33.33%,0%,1.67,0
https://www.inghengcredit.my/ms/blog/emergency-business-loan-fast-approval,1,0,3,0,33.33%,0%,106,0
https://www.inghengcredit.my/en/blog/how-to-apply-business-loan-malaysia/,0,0,351,0,0%,0%,78.21,0
https://www.inghengcredit.my/en/blog/how-to-apply-business-loan-malaysia,0,0,155,0,0%,0%,63.13,0
https://www.inghengcredit.my/ms/blog/personal-loan-comparison-malaysia,0,0,95,0,0%,0%,49.66,0
https://www.inghengcredit.my/en/blog/refrigerated-truck-financing-malaysia/,0,0,78,0,0%,0%,35.42,0
https://www.inghengcredit.my/ms/blog/personal-loan-comparison-malaysia/,0,0,66,0,0%,0%,47.18,0
https://www.inghengcredit.my/en/blog/debt-consolidation-personal-loan-malaysia,0,0,30,0,0%,0%,62.17,0
https://www.inghengcredit.my/ms/blog/cara-mohon-pinjaman-perniagaan-malaysia,0,0,30,0,0%,0%,73.77,0
https://www.inghengcredit.my/ms/services/hire-purchase/,0,0,27,0,0%,0%,53,0
https://www.inghengcredit.my/ms/blog/3-ton-lorry-financing-malaysia/,0,0,25,0,0%,0%,10.88,0
https://www.inghengcredit.my/ms/blog/medical-equipment-financing-malaysia/,0,0,24,0,0%,0%,17.92,0
https://www.inghengcredit.my/en/blog/personal-loan-vs-credit-card-malaysia/,0,0,23,0,0%,0%,14.04,0
https://www.inghengcredit.my/zh/blog/sme-loan-application-process-malaysia/,0,0,18,0,0%,0%,4.78,0
https://www.inghengcredit.my/zh/blog/personal-loan-vs-credit-card-malaysia,0,0,17,0,0%,0%,7,0
https://www.inghengcredit.my/en/blog/personal-loan-ctos-blacklist-malaysia/,0,0,17,0,0%,0%,13.12,0
https://www.inghengcredit.my/ms/blog/pembiayaan-lori-penghantaran-malaysia/,0,0,16,0,0%,0%,7.81,0
https://www.inghengcredit.my/en/blog/personal-loan-no-credit-history-malaysia/,0,0,15,0,0%,0%,11.13,0
https://www.inghengcredit.my/en/blog/3-ton-lorry-financing-malaysia/,0,0,15,0,0%,0%,13,0
https://www.inghengcredit.my/en/blog/page/7/,0,0,15,0,0%,0%,55.47,0
https://www.inghengcredit.my/en/blog/personal-loan-vs-credit-card-malaysia,0,0,14,0,0%,0%,8,0
https://www.inghengcredit.my/en/blog/3-ton-lorry-financing-malaysia,0,0,13,0,0%,0%,4.46,0
https://www.inghengcredit.my/en/blog/forklift-hire-purchase-malaysia/,0,0,12,0,0%,0%,8.58,0
https://www.inghengcredit.my/zh/blog/personal-loan-vs-credit-card-malaysia/,0,0,11,0,0%,0%,3.64,0
https://www.inghengcredit.my/zh/blog/3-ton-lorry-financing-malaysia/,0,0,11,0,0%,0%,5.45,0
https://www.inghengcredit.my/ms/blog/personal-loan-first-time-borrower-malaysia,0,0,11,0,0%,0%,7,0
https://www.inghengcredit.my/ms/blog/personal-loan-vs-credit-card-malaysia/,0,0,11,0,0%,0%,7,0
https://www.inghengcredit.my/zh/blog/personal-loan-student-malaysia,0,0,11,0,0%,0%,9.64,0
https://www.inghengcredit.my/zh/blog/tax-benefits-equipment-financing-2025/,0,0,10,11,0%,0%,5.1,4.64
https://www.inghengcredit.my/en/blog/injection-molding-machine-financing-malaysia/,0,0,10,0,0%,0%,6.1,0
https://www.inghengcredit.my/en/blog/personal-loan-self-employed-malaysia,0,0,10,0,0%,0%,17.6,0
https://www.inghengcredit.my/zh/blog/shebei-rongzi-10nian-yinei,0,0,8,0,0%,0%,3.62,0
https://www.inghengcredit.my/en/blog/personal-loan-no-guarantor-malaysia/,0,0,8,0,0%,0%,47.75,0
https://www.inghengcredit.my/en/blog/debt-consolidation-personal-loan-malaysia/,0,0,8,0,0%,0%,70.38,0
https://www.inghengcredit.my/en/blog/delivery-truck-financing-malaysia/,0,0,7,0,0%,0%,6.86,0
https://www.inghengcredit.my/en/equipment/excavator,0,0,7,0,0%,0%,7.57,0
https://www.inghengcredit.my/en/blog/grader-financing-malaysia/,0,0,7,0,0%,0%,8.86,0
https://www.inghengcredit.my/zh/blog/backhoe-financing-malaysia/,0,0,6,0,0%,0%,3.17,0
https://www.inghengcredit.my/ms/equipment/forklift/,0,0,6,0,0%,0%,6.5,0
https://www.inghengcredit.my/zh/blog/tuochetou-rongzi-malaixiya/,0,0,6,0,0%,0%,7.5,0
https://www.inghengcredit.my/en/blog/excavator-financing-small-contractors/,0,0,6,0,0%,0%,8.33,0
https://www.inghengcredit.my/zh/services/loan-financing/,0,0,6,3,0%,0%,13.33,8.67
https://www.inghengcredit.my/en/blog/cash-flow-management-construction/,0,0,6,1,0%,0%,20.5,2
https://www.inghengcredit.my/en/services/hire-purchase,0,0,6,0,0%,0%,28.67,0
https://www.inghengcredit.my/zh/blog/debt-consolidation-personal-loan-malaysia/,0,0,6,0,0%,0%,42,0
https://www.inghengcredit.my/en/blog/forklift-leasing-vs-buying-malaysia/,0,0,5,0,0%,0%,4.6,0
https://www.inghengcredit.my/en/blog/government-tender-equipment-financing-malaysia/,0,0,5,0,0%,0%,7,0
https://www.inghengcredit.my/zh/contact/,0,0,5,5,0%,0%,8,3.8
https://www.inghengcredit.my/en/services/hire-purchase/,0,0,5,0,0%,0%,43.2,0
https://www.inghengcredit.my/ms/equipment/excavator,0,0,4,0,0%,0%,4.25,0
https://www.inghengcredit.my/ms/services/hire-purchase,0,0,4,0,0%,0%,5.75,0
https://www.inghengcredit.my/en/blog/crane-rental-business-startup-financing/,0,0,4,0,0%,0%,7.5,0
https://www.inghengcredit.my/en/blog/government-tender-equipment-financing-malaysia,0,0,4,0,0%,0%,9.75,0
https://www.inghengcredit.my/ms/blog/crane-rental-business-startup-financing/,0,0,4,0,0%,0%,10,0
https://www.inghengcredit.my/ms/blog/keperluan-peralatan-cidb-kelas-a-pembiayaan/,0,0,4,0,0%,0%,12.25,0
https://www.inghengcredit.my/en/blog/page/4/,0,0,4,0,0%,0%,61.25,0
https://www.inghengcredit.my/en/blog/personal-loan-freelancer-malaysia/,0,0,3,0,0%,0%,4.67,0
https://www.inghengcredit.my/ms/blog/pembiayaan-kren-mudah-alih-malaysia,0,0,3,0,0%,0%,5,0
https://www.inghengcredit.my/ms/blog/pembiayaan-kren-mudah-alih-malaysia/,0,0,3,0,0%,0%,5.67,0
https://www.inghengcredit.my/ms/blog/solar-panel-financing-malaysia/,0,0,3,0,0%,0%,5.67,0
https://www.inghengcredit.my/en/equipment/refrigerated-truck,0,0,3,2,0%,0%,6,6.5
https://www.inghengcredit.my/zh/blog/jietun3-dongti-pan-poluo-shebei-rongzi/,0,0,3,0,0%,0%,6,0
https://www.inghengcredit.my/zh/blog/chache-zulin-vs-goumai-malaixiya/,0,0,3,0,0%,0%,7,0
https://www.inghengcredit.my/zh/equipment/bulldozer/,0,0,3,0,0%,0%,7,0
https://www.inghengcredit.my/zh/about/,0,0,3,2,0%,0%,7.33,4
https://www.inghengcredit.my/ms/blog/crane-rental-business-startup-financing,0,0,3,0,0%,0%,9.67,0
https://www.inghengcredit.my/ms/blog/home-repair-emergency-loan-malaysia/,0,0,3,0,0%,0%,39,0
https://www.inghengcredit.my/en/blog/business-loan-approval-malaysia/,0,0,3,0,0%,0%,48.33,0
https://www.inghengcredit.my/en/blog/page/10/,0,0,3,0,0%,0%,64.67,0
https://www.inghengcredit.my/ms/blog/personal-loan-credit-repair-malaysia/,0,0,3,0,0%,0%,130.67,0
https://www.inghengcredit.my/zh/blog/emergency-business-loan-fast-approval/,0,0,2,0,0%,0%,3,0
https://www.inghengcredit.my/en/blog/crane-rental-business-startup-financing,0,0,2,0,0%,0%,4.5,0
https://www.inghengcredit.my/zh/blog/shebei-rongzi-10nian-yinei/,0,0,2,0,0%,0%,4.5,0
https://www.inghengcredit.my/zh/blog/qizhongji-zulin-chuangye-rongzi-zhinan/,0,0,2,0,0%,0%,5,0
https://www.inghengcredit.my/zh/blog/production-line-financing-malaysia/,0,0,2,0,0%,0%,10,0
https://www.inghengcredit.my/zh/blog/emergency-business-loan-fast-approval,0,0,2,0,0%,0%,25.5,0
https://www.inghengcredit.my/zh/blog/air-compressor-financing-malaysia/,0,0,2,0,0%,0%,28.5,0
https://www.inghengcredit.my/en/equipment/refrigerated-truck/,0,0,1,1,0%,0%,1,1
https://www.inghengcredit.my/ms/blog/how-to-apply-excavator-financing-malaysia/,0,0,1,0,0%,0%,1,0
https://www.inghengcredit.my/zh/equipment/forklift/,0,0,1,2,0%,0%,1,10
https://www.inghengcredit.my/zh/equipment/crane/,0,0,1,1,0%,0%,3,4
https://www.inghengcredit.my/en/blog/business-loan-young-entrepreneur-malaysia/,0,0,1,0,0%,0%,4,0
https://www.inghengcredit.my/ms/blog/air-compressor-financing-malaysia/,0,0,1,0,0%,0%,4,0
https://www.inghengcredit.my/ms/blog/complete-guide-equipment-financing-malaysia,0,0,1,1,0%,0%,4,6
https://www.inghengcredit.my/en/blog/backhoe-financing-malaysia/,0,0,1,0,0%,0%,5,0
https://www.inghengcredit.my/ms/blog/reach-truck-financing-malaysia,0,0,1,0,0%,0%,5,0
https://www.inghengcredit.my/en/blog/grader-financing-malaysia,0,0,1,0,0%,0%,6,0
https://www.inghengcredit.my/en/blog/page/4,0,0,1,0,0%,0%,6,0
https://www.inghengcredit.my/en/blog/equipment-financing-bad-credit-malaysia,0,0,1,0,0%,0%,7,0
https://www.inghengcredit.my/ms/blog/sme-loan-application-process-malaysia/,0,0,1,0,0%,0%,7,0
https://www.inghengcredit.my/en/blog/5-unit-bulldozer-fleet-financing-package,0,0,1,0,0%,0%,8,0
https://www.inghengcredit.my/ms/blog/pembiayaan-bulldozer-kawalan-mesin-3d,0,0,1,0,0%,0%,8,0
https://www.inghengcredit.my/en/blog/page/7,0,0,1,0,0%,0%,9,0
https://www.inghengcredit.my/zh/blog/how-to-apply-excavator-financing-malaysia/,0,0,1,0,0%,0%,9,0
https://www.inghengcredit.my/en/blog/5-unit-bulldozer-fleet-financing-package/,0,0,1,0,0%,0%,10,0
https://www.inghengcredit.my/en/blog/equipment-financing-bad-credit-malaysia/,0,0,1,0,0%,0%,10,0
https://www.inghengcredit.my/zh/blog/home-repair-emergency-loan-malaysia/,0,0,1,0,0%,0%,10,0
https://www.inghengcredit.my/ms/blog/personal-loan-first-time-borrower-malaysia/,0,0,1,0,0%,0%,11,0
https://www.inghengcredit.my/ms/blog/page/8/,0,0,1,0,0%,0%,13,0
https://www.inghengcredit.my/zh/blog/sme-loan-application-process-malaysia,0,0,1,0,0%,0%,17,0
https://www.inghengcredit.my/ms/blog/home-repair-emergency-loan-malaysia,0,0,1,0,0%,0%,31,0
https://www.inghengcredit.my/en/blog/page/8/,0,0,1,0,0%,0%,33,0
https://www.inghengcredit.my/en/blog/personal-loan-credit-repair-malaysia/,0,0,1,0,0%,0%,49,0
https://www.inghengcredit.my/en/blog/category/business-growth/,0,0,1,0,0%,0%,89,0
https://www.inghengcredit.my/en/services/loan-financing,0,0,0,52,0%,0%,0,52.5
https://www.inghengcredit.my/zh/services/hire-purchase/,0,0,0,4,0%,0%,0,4.25
https://www.inghengcredit.my/en/blog/tax-benefits-equipment-financing-2025,0,0,0,4,0%,0%,0,6.25
https://www.inghengcredit.my/zh/services/insurance/,0,0,0,3,0%,0%,0,9.33
https://www.inghengcredit.my/en/blog/cash-flow-management-construction,0,0,0,1,0%,0%,0,1
https://www.inghengcredit.my/zh/equipment/excavator/,0,0,0,1,0%,0%,0,4