Keyword,Search Volume,Keyword Difficulty,CPC,Search Intent,Equipment Category,Target Persona,Opportunity Score,Priority,Language,Notes
equipment financing Malaysia,520,75,8.50,Commercial,General,All,6,Medium,EN,High volume but dominated by banks
excavator financing Malaysia,180,50,7.20,Commercial,Excavator,Contractor Ahmad,8,High,EN,Winnable with targeted content
lorry financing Malaysia,420,55,6.80,Commercial,Lorry,Logistics Lee,8,High,EN,Strong opportunity
prime mover financing Malaysia,580,60,9.20,Commercial,Prime Mover,Haulage Henry,7,High,EN,High volume competitive
forklift financing Malaysia,280,45,5.90,Commercial,Forklift,Warehouse William,9,High,EN,Low competition excellent opportunity
bulldozer financing Malaysia,290,52,8.10,Commercial,Bulldozer,Developer Daniel,7,High,EN,Good opportunity
heavy equipment financing Malaysia,880,75,10.50,Commercial,General,Developer Daniel,5,Medium,EN,Very competitive
commercial vehicle loan,680,70,7.80,Commercial,General,Logistics Lee,6,Medium,EN,Banks dominate
pembiayaan excavator,320,42,6.50,Commercial,Excavator,Contractor Ahmad,9,High,MS,Excellent Malay market opportunity
货车贷款马来西亚,350,38,5.80,Commercial,Lorry,Logistics Lee,10,High,ZH,Critical Mandarin market
拖车头融资马来西亚,390,40,7.20,Commercial,Prime Mover,Haulage Henry,10,High,ZH,Prime opportunity Mandarin
excavator financing bad credit,170,35,9.50,Transactional,Excavator,Contractor Ahmad,9,High,EN,High intent low competition
used lorry financing,180,30,6.20,Commercial,Lorry,Logistics Lee,9,High,EN,Strong differentiator
forklift hire purchase,190,40,5.50,Commercial,Forklift,Warehouse William,8,High,EN,Good volume moderate competition
excavator hire purchase Selangor,210,28,7.80,Commercial,Excavator,Contractor Ahmad,9,High,EN,Local targeting opportunity
lorry financing bad credit Klang,35,15,8.90,Transactional,Lorry,Logistics Lee,10,High,EN,Long-tail high intent
fast approval excavator financing,40,20,10.20,Transactional,Excavator,Contractor Ahmad,9,High,EN,Speed advantage messaging
commercial lorry financing no down payment,28,12,9.80,Transactional,Lorry,Logistics Lee,10,High,EN,Zero upfront fees USP
forklift financing for SME,35,18,6.40,Commercial,Forklift,Warehouse William,9,High,EN,SME positioning
prime mover financing Port Klang,110,25,7.60,Commercial,Prime Mover,Haulage Henry,9,High,EN,Geographic targeting
used excavator financing 10 years old,20,10,8.50,Commercial,Excavator,Contractor Ahmad,10,High,EN,Unique selling point
1-ton lorry hire purchase,240,35,5.20,Commercial,Lorry,Logistics Lee,8,High,EN,Specific equipment size
refrigerated truck financing,90,30,7.90,Commercial,Refrigerated,Cold Chain,8,Medium,EN,Specialized equipment
crane financing Malaysia,140,45,8.80,Commercial,Crane,Contractor Ahmad,7,Medium,EN,Construction equipment
货车分期付款配套,280,32,5.60,Commercial,Lorry,Logistics Lee,9,High,ZH,Mandarin installment packages
如何购买货车做生意,180,25,4.20,Informational,Lorry,Logistics Lee,9,High,ZH,How-to content opportunity
cara beli excavator untuk kontraktor,150,22,5.80,Informational,Excavator,Contractor Ahmad,9,High,MS,Malay how-to content
pembiayaan jentera binaan,240,38,6.90,Commercial,General,Contractor Ahmad,8,High,MS,Construction equipment Malay
叉车融资马来西亚,120,28,4.80,Commercial,Forklift,Warehouse William,8,Medium,ZH,Mandarin forklift market
excavator loan requirements Malaysia,95,22,6.70,Informational,Excavator,Contractor Ahmad,9,High,EN,Approval process content
lorry financing interest rate Malaysia,85,20,7.30,Commercial,Lorry,Logistics Lee,8,High,EN,Pricing transparency
forklift rental vs purchase cost,65,15,5.90,Informational,Forklift,Warehouse William,10,High,EN,Comparison content ROI focus
prime mover financing for shipping line contract,42,12,9.20,Transactional,Prime Mover,Haulage Henry,10,High,EN,Contract-driven urgency
used Scania prime mover financing,28,10,8.60,Commercial,Prime Mover,Haulage Henry,10,High,EN,Brand-specific long-tail
bulldozer financing for government projects,45,18,9.80,Commercial,Bulldozer,Developer Daniel,9,High,EN,Government tender focus
equipment financing CIDB tender,32,14,8.90,Informational,General,Developer Daniel,9,High,EN,Class A contractor content
fast lorry financing approval Klang,22,8,10.50,Transactional,Lorry,Logistics Lee,10,High,EN,Speed + location targeting
excavator financing seasonal payment,15,5,9.20,Commercial,Excavator,Contractor Ahmad,10,High,EN,Seasonal flexibility USP
lorry financing 95% approval rate,18,6,11.20,Commercial,Lorry,Logistics Lee,10,High,EN,Approval rate USP
forklift financing calculator,50,12,4.50,Commercial,Forklift,Warehouse William,9,High,EN,Tool/calculator content
commercial vehicle financing Selangor,75,25,6.80,Commercial,General,All,7,High,EN,Regional targeting
pembiayaan excavator mudah lulus,95,18,7.40,Commercial,Excavator,Contractor Ahmad,9,High,MS,Easy approval Malay
货车贷款快速批准,85,15,8.20,Transactional,Lorry,Logistics Lee,10,High,ZH,Fast approval Mandarin
拖车头贷款快速批准巴生,18,5,9.80,Transactional,Prime Mover,Haulage Henry,10,High,ZH,Speed + location Mandarin
how to get equipment financing with bad credit,55,20,10.80,Informational,General,All,9,High,EN,Credit problem solving
new vs used excavator financing,38,12,7.60,Informational,Excavator,Contractor Ahmad,9,High,EN,Comparison content
lorry financing for logistics startups,30,10,8.90,Commercial,Lorry,Logistics Lee,10,High,EN,New business targeting
forklift financing and preserve cash flow,25,8,7.20,Informational,Forklift,Warehouse William,10,High,EN,Working capital messaging
mohon pinjaman excavator Klang,48,15,8.40,Transactional,Excavator,Contractor Ahmad,9,High,MS,Malay apply loan Klang
pembiayaan lori terpakai,120,25,5.90,Commercial,Lorry,Logistics Lee,8,High,MS,Used lorry Malay
excavator financing 2 hours approval,12,4,11.50,Transactional,Excavator,Contractor Ahmad,10,High,EN,Ultra-fast approval
货车融资零首付,35,8,9.60,Transactional,Lorry,Logistics Lee,10,High,ZH,Zero down payment Mandarin
heavy equipment loan bad credit,90,28,10.20,Commercial,General,All,8,High,EN,Credit-flexible messaging
used bulldozer financing,180,32,7.80,Commercial,Bulldozer,Developer Daniel,8,High,EN,Used equipment focus
Caterpillar financing Malaysia,140,35,8.50,Commercial,Heavy Equipment,Developer Daniel,7,Medium,EN,Brand-specific
Scania financing Malaysia,180,38,7.90,Commercial,Prime Mover,Haulage Henry,7,Medium,EN,Brand-specific
wheel loader financing,160,40,7.60,Commercial,Construction,Contractor Ahmad,7,Medium,EN,Specific equipment
motor grader financing,110,38,8.20,Commercial,Construction,Developer Daniel,7,Medium,EN,Specialized equipment
vibratory roller financing,85,35,7.40,Commercial,Construction,Contractor Ahmad,7,Medium,EN,Compaction equipment
semi-trailer financing Malaysia,95,30,6.80,Commercial,Prime Mover,Haulage Henry,8,High,EN,Trailer-specific
container truck financing,420,45,8.90,Commercial,Prime Mover,Haulage Henry,7,High,EN,Container haulage
reach truck financing,75,28,6.20,Commercial,Forklift,Warehouse William,8,Medium,EN,Warehouse-specific
pallet jack financing,45,20,4.80,Commercial,Forklift,Warehouse William,8,Medium,EN,Material handling
electric forklift financing,110,32,6.50,Commercial,Forklift,Warehouse William,8,High,EN,Eco-friendly equipment
diesel forklift financing,65,28,6.10,Commercial,Forklift,Warehouse William,7,Medium,EN,Fuel type specific
pembiayaan trak kontena,180,30,7.20,Commercial,Prime Mover,Haulage Henry,8,High,MS,Container truck Malay
cara dapatkan pembiayaan jentera,95,18,6.40,Informational,General,Contractor Ahmad,9,High,MS,How to get financing Malay
拖车头分期付款,220,28,6.80,Commercial,Prime Mover,Haulage Henry,9,High,ZH,Prime mover installment
如何建立货车车队,65,15,5.20,Informational,Lorry,Logistics Lee,9,High,ZH,How to build fleet Mandarin
construction equipment financing flexible terms,42,15,8.60,Commercial,General,Contractor Ahmad,9,High,EN,Flexible payment messaging
lorry financing 60 month terms,28,10,7.40,Commercial,Lorry,Logistics Lee,9,High,EN,Long tenure option
equipment financing for monsoon season,15,5,9.80,Commercial,Construction,Contractor Ahmad,10,High,EN,Seasonal business understanding
Port Klang truck financing,110,22,7.90,Commercial,Prime Mover,Haulage Henry,9,High,EN,Geographic + industry
Shah Alam equipment financing,55,18,6.80,Commercial,General,All,8,High,EN,Geographic targeting
Johor Bahru lorry financing,48,16,7.20,Commercial,Lorry,Logistics Lee,8,High,EN,Regional market
forklift financing for warehouse expansion,32,12,7.60,Commercial,Forklift,Warehouse William,9,High,EN,Business growth angle
excavator financing for tender projects,38,14,9.20,Commercial,Excavator,Contractor Ahmad,9,High,EN,Tender requirement focus
prime mover financing package deal,25,8,8.80,Commercial,Prime Mover,Haulage Henry,10,High,EN,PM + trailer bundle
equipment financing minimal documentation,45,15,9.60,Commercial,General,All,9,High,EN,Flexible documentation USP
cash-based business equipment financing,35,12,10.20,Commercial,General,Logistics Lee,10,High,EN,Informal income acceptance
lorry financing for gig economy,28,10,8.40,Commercial,Lorry,Logistics Lee,9,High,EN,Gig worker targeting
equipment financing Chinese speaking,22,6,8.60,Commercial,General,Logistics Lee,10,High,EN,Language service USP
Mandarin equipment financing Klang,18,5,9.40,Commercial,General,Haulage Henry,10,High,EN,Language + location
excavator financing CIDB registered,40,15,8.20,Commercial,Excavator,Contractor Ahmad,8,High,EN,Compliance-focused
used equipment financing up to 10 years,55,18,9.80,Commercial,General,All,10,High,EN,Major differentiator
equipment financing same day approval,25,8,11.20,Transactional,General,All,10,High,EN,Ultra-fast service
lorry financing for former drivers,20,6,9.60,Commercial,Lorry,Logistics Lee,10,High,EN,Driver-to-owner pipeline
warehouse equipment package financing,30,10,7.80,Commercial,Forklift,Warehouse William,9,High,EN,Multi-equipment bundle
bulldozer financing Class A CIDB,42,16,9.40,Commercial,Bulldozer,Developer Daniel,9,High,EN,Contractor classification
equipment financing fuel cost management,18,5,8.20,Informational,General,Logistics Lee,10,High,EN,Operating cost focus
lorry financing with toll cost calculator,12,4,7.60,Informational,Lorry,Logistics Lee,10,High,EN,Total cost ownership
excavator financing ROI calculator,35,12,6.90,Commercial,Excavator,Contractor Ahmad,9,High,EN,ROI tool content
prime mover financing for CNY expansion,15,5,9.20,Commercial,Prime Mover,Haulage Henry,10,High,EN,Seasonal opportunity
equipment financing Malay language,28,8,8.40,Commercial,General,Contractor Ahmad,9,High,EN,Language service
financing for refrigerated logistics,48,22,8.60,Commercial,Refrigerated,Cold Chain,8,Medium,EN,Cold chain sector
used Volvo prime mover financing,22,8,8.80,Commercial,Prime Mover,Haulage Henry,9,High,EN,Brand-specific used
excavator financing with insurance bundle,32,12,8.20,Commercial,Excavator,Contractor Ahmad,9,High,EN,Package service
lorry financing single vehicle owner,38,14,9.40,Commercial,Lorry,Logistics Lee,9,High,EN,Micro-business focus
forklift financing B2B warehouse,42,15,7.40,Commercial,Forklift,Warehouse William,8,High,EN,B2B positioning
equipment financing for subcontractors,35,12,8.60,Commercial,General,Contractor Ahmad,9,High,EN,Supply chain targeting
heavy equipment financing government tender,45,18,9.80,Commercial,Heavy Equipment,Developer Daniel,9,High,EN,Government sector
lorry financing flexible credit score,40,14,10.20,Commercial,Lorry,Logistics Lee,9,High,EN,Credit flexibility USP
excavator financing project-based payment,25,8,9.60,Commercial,Excavator,Contractor Ahmad,10,High,EN,Cash flow alignment
prime mover financing Maersk contract,12,4,10.80,Transactional,Prime Mover,Haulage Henry,10,High,EN,Specific shipper need
equipment financing WhatsApp application,18,5,8.40,Transactional,General,All,10,High,EN,Channel convenience
货车融资灵活条款,45,12,7.60,Commercial,Lorry,Logistics Lee,9,High,ZH,Flexible terms Mandarin
叉车租赁与购买对比,38,10,5.80,Informational,Forklift,Warehouse William,9,High,ZH,Rent vs buy Mandarin
推土机融资政府项目,32,14,8.90,Commercial,Bulldozer,Developer Daniel,8,High,ZH,Government project Mandarin
pembiayaan excavator untuk projek tender,40,15,8.40,Commercial,Excavator,Contractor Ahmad,9,High,MS,Tender project Malay
pinjaman lori terpakai 10 tahun,35,12,7.80,Commercial,Lorry,Logistics Lee,9,High,MS,Used 10 years Malay
equipment financing education guide,55,18,4.20,Informational,General,All,8,High,EN,Educational content
how equipment financing helps win tenders,42,15,6.80,Informational,General,Contractor Ahmad,9,High,EN,Value proposition content
lorry financing success stories,28,10,5.40,Informational,Lorry,Logistics Lee,9,High,EN,Case study content
forklift financing tax benefits Malaysia,48,16,7.60,Informational,Forklift,Warehouse William,8,High,EN,Tax optimization
excavator financing vs rental 5 year cost,35,12,6.20,Informational,Excavator,Contractor Ahmad,9,High,EN,Cost comparison content
prime mover financing shipping line requirements,25,8,8.40,Informational,Prime Mover,Haulage Henry,10,High,EN,Contract requirement info
equipment financing approval checklist,38,14,5.80,Informational,General,All,9,High,EN,Approval process transparency