keyword,search_volume,difficulty,intent,topic_cluster,priority,word_count,estimated_cpc,competition,language
"how to apply for excavator financing Malaysia",60,low,commercial,equipment-financing-general,high,7,2.40,low,en
"excavator financing bad credit Malaysia",45,low,transactional,financing-alternatives,high,5,9.50,low,en
"used excavator financing Malaysia",55,low,commercial,used-equipment-financing,high,5,8.50,low,en
"excavator hire purchase Selangor",80,low,commercial,excavator-financing,high,5,7.80,low,en
"excavator financing for small contractors",42,low,commercial,industry-specific,high,6,7.20,low,en
"mini excavator financing Malaysia",38,low,commercial,excavator-financing,high,5,6.80,low,en
"excavator financing no down payment",35,low,transactional,financing-alternatives,high,5,10.20,low,en
"excavator financing fast approval Klang",28,low,transactional,location-based,high,6,10.50,medium,en
"excavator loan for CIDB contractors",40,low,commercial,industry-specific,high,6,8.90,low,en
"Caterpillar excavator financing Malaysia",32,low,commercial,brand-specific,medium,5,8.50,low,en
"excavator financing 10 years old",25,low,commercial,used-equipment-financing,high,6,8.50,low,en
"excavator financing with insurance bundle",30,low,commercial,equipment-financing-general,high,6,8.20,low,en
"excavator financing seasonal payment options",22,low,commercial,financing-alternatives,high,6,9.20,low,en
"excavator financing government projects",35,low,commercial,industry-specific,high,5,9.80,low,en
"excavator financing for tender projects",38,low,commercial,industry-specific,high,6,9.20,low,en
"forklift financing Malaysia no deposit",45,low,transactional,forklift-financing,high,5,5.90,low,en
"forklift hire purchase Malaysia",65,low,commercial,forklift-financing,high,5,5.50,low,en
"electric forklift financing Malaysia",48,low,commercial,forklift-financing,high,5,6.50,low,en
"used forklift financing Malaysia",52,low,commercial,used-equipment-financing,high,5,6.10,low,en
"forklift financing for warehouse expansion",40,low,commercial,industry-specific,high,6,7.60,low,en
"forklift financing SME Malaysia",42,low,commercial,industry-specific,high,5,6.40,low,en
"reach truck financing Malaysia",35,low,commercial,forklift-financing,medium,5,6.20,low,en
"diesel forklift financing Malaysia",28,low,commercial,forklift-financing,medium,5,6.10,low,en
"Toyota forklift financing Malaysia",30,low,commercial,brand-specific,medium,5,6.00,low,en
"forklift leasing vs buying Malaysia",38,low,informational,comparison-keywords,high,5,5.90,low,en
"forklift financing calculator Malaysia",42,low,commercial,equipment-financing-general,high,5,4.50,low,en
"forklift rental vs purchase cost analysis",32,low,informational,comparison-keywords,high,6,5.90,low,en
"pallet jack financing Malaysia",25,low,commercial,forklift-financing,medium,5,4.80,low,en
"forklift financing B2B warehouse",35,low,commercial,industry-specific,high,5,7.40,low,en
"forklift financing preserve cash flow",28,low,informational,equipment-financing-general,high,5,7.20,low,en
"lorry financing Malaysia fast approval",85,low,transactional,lorry-financing,high,5,6.80,low,en
"lorry financing bad credit Malaysia",60,low,transactional,financing-alternatives,high,5,8.90,low,en
"used lorry financing Malaysia",75,low,commercial,used-equipment-financing,high,5,6.20,low,en
"lorry financing no down payment Malaysia",48,low,transactional,financing-alternatives,high,6,9.80,low,en
"1 ton lorry hire purchase Malaysia",70,low,commercial,lorry-financing,high,6,5.20,low,en
"lorry financing for logistics startups",42,low,commercial,industry-specific,high,6,8.90,low,en
"lorry financing Klang Valley",55,low,commercial,location-based,high,5,6.80,low,en
"cargo lorry financing Malaysia",45,low,commercial,lorry-financing,high,5,6.50,low,en
"lorry financing 60 month terms",38,low,commercial,lorry-financing,high,5,7.40,low,en
"lorry financing for gig economy drivers",35,low,commercial,industry-specific,high,6,8.40,low,en
"lorry financing single vehicle owner",40,low,commercial,lorry-financing,high,5,9.40,low,en
"lorry financing for former drivers",28,low,commercial,industry-specific,high,6,9.60,low,en
"refrigerated lorry financing Malaysia",42,low,commercial,lorry-financing,medium,5,7.90,low,en
"box lorry financing Malaysia",38,low,commercial,lorry-financing,medium,5,6.80,low,en
"lorry financing interest rate Malaysia",50,low,commercial,equipment-financing-general,high,5,7.30,low,en
"prime mover financing Malaysia",120,medium,commercial,prime-mover-financing,high,5,9.20,low,en
"prime mover financing Port Klang",55,low,commercial,location-based,high,5,7.60,low,en
"used prime mover financing Malaysia",48,low,commercial,used-equipment-financing,high,5,8.60,low,en
"Scania prime mover financing Malaysia",32,low,commercial,brand-specific,medium,5,7.90,low,en
"Volvo prime mover financing Malaysia",28,low,commercial,brand-specific,medium,5,8.80,low,en
"prime mover financing shipping line contract",38,low,transactional,industry-specific,high,6,9.20,low,en
"prime mover and trailer package financing",35,low,commercial,prime-mover-financing,high,6,8.80,low,en
"prime mover financing Maersk contract",18,low,transactional,industry-specific,high,5,10.80,low,en
"semi trailer financing Malaysia",40,low,commercial,prime-mover-financing,medium,5,6.80,low,en
"container truck financing Malaysia",85,medium,commercial,prime-mover-financing,high,5,8.90,low,en
"bulldozer financing Malaysia",68,medium,commercial,bulldozer-financing,high,4,8.10,low,en
"used bulldozer financing Malaysia",52,low,commercial,used-equipment-financing,high,5,7.80,low,en
"bulldozer financing government projects",42,low,commercial,industry-specific,high,5,9.80,low,en
"bulldozer financing Class A CIDB contractor",38,low,commercial,industry-specific,high,7,9.40,low,en
"bulldozer financing land clearing projects",35,low,commercial,industry-specific,high,6,8.80,low,en
"wheel loader financing Malaysia",48,medium,commercial,bulldozer-financing,medium,5,7.60,low,en
"motor grader financing Malaysia",35,medium,commercial,bulldozer-financing,medium,5,8.20,low,en
"vibratory roller financing Malaysia",28,medium,commercial,bulldozer-financing,medium,5,7.40,low,en
"crane financing Malaysia",42,medium,commercial,crane-financing,medium,4,8.80,low,en
"mobile crane financing Malaysia",38,low,commercial,crane-financing,medium,5,8.50,low,en
"tower crane financing Malaysia",32,low,commercial,crane-financing,medium,5,8.80,low,en
"how to get equipment financing with bad credit",58,low,informational,financing-alternatives,high,8,10.80,low,en
"equipment financing minimal documentation required",42,low,commercial,financing-alternatives,high,6,9.60,low,en
"equipment financing 95 percent approval rate",28,low,commercial,equipment-financing-general,high,7,11.20,low,en
"equipment financing 2 hours approval Malaysia",22,low,transactional,equipment-financing-general,high,7,11.50,low,en
"equipment financing same day approval Malaysia",32,low,transactional,equipment-financing-general,high,6,11.20,low,en
"equipment financing for cash based business",38,low,commercial,financing-alternatives,high,6,10.20,low,en
"equipment financing Chinese speaking service",25,low,commercial,equipment-financing-general,high,6,8.60,low,en
"equipment financing Mandarin service Klang",22,low,commercial,location-based,high,6,9.40,low,en
"equipment financing WhatsApp application",28,low,transactional,equipment-financing-general,high,5,8.40,low,en
"equipment financing flexible payment terms",45,low,commercial,financing-alternatives,high,5,8.60,low,en
"equipment financing project based payment",32,low,commercial,financing-alternatives,high,5,9.60,low,en
"equipment financing for monsoon season business",22,low,commercial,industry-specific,high,7,9.80,low,en
"equipment financing CNY expansion",18,low,commercial,industry-specific,high,5,9.20,low,en
"new vs used excavator financing comparison",42,low,informational,comparison-keywords,high,6,7.60,low,en
"lorry financing vs leasing Malaysia",38,low,informational,comparison-keywords,high,5,6.80,low,en
"hire purchase vs loan financing equipment",45,low,informational,comparison-keywords,high,6,7.20,low,en
"equipment financing vs cash purchase ROI",35,low,informational,comparison-keywords,medium,6,6.90,low,en
"equipment financing calculator Malaysia",52,low,commercial,equipment-financing-general,high,5,6.40,low,en
"excavator financing ROI calculator",38,low,commercial,equipment-financing-general,high,5,6.90,low,en
"lorry financing total cost calculator",35,low,informational,equipment-financing-general,high,5,7.60,low,en
"equipment financing approval checklist",42,low,informational,equipment-financing-general,high,5,5.80,low,en
"equipment financing tax benefits Malaysia",48,low,informational,equipment-financing-general,high,5,7.60,low,en
"how equipment financing helps win tenders",38,low,informational,equipment-financing-general,high,6,6.80,low,en
"cash flow management construction equipment",42,low,informational,equipment-financing-general,high,5,7.40,low,en
"equipment financing CIDB tender projects",35,low,informational,industry-specific,high,6,8.90,low,en
"equipment financing for government subcontractors",32,low,commercial,industry-specific,high,6,8.60,low,en
"equipment financing up to 10 years old",48,low,commercial,used-equipment-financing,high,7,9.80,low,en
"equipment financing reconditioned machinery",35,low,commercial,used-equipment-financing,high,5,8.20,low,en
"second hand equipment financing Malaysia",42,low,commercial,used-equipment-financing,high,5,7.90,low,en
"equipment financing Kuala Lumpur",50,low,commercial,location-based,high,5,7.80,low,en
"equipment financing Selangor",45,low,commercial,location-based,high,4,7.20,low,en
"equipment financing Johor Bahru",38,low,commercial,location-based,high,5,7.20,low,en
"equipment financing Shah Alam",32,low,commercial,location-based,high,5,6.80,low,en
"equipment financing Penang",35,low,commercial,location-based,high,4,7.00,low,en
"equipment financing Ipoh",28,low,commercial,location-based,medium,4,6.80,low,en
"pembiayaan excavator Malaysia",95,low,commercial,excavator-financing,high,4,6.50,low,ms
"pembiayaan excavator mudah lulus",75,low,commercial,financing-alternatives,high,5,7.40,low,ms
"pembiayaan excavator untuk kontraktor",58,low,informational,industry-specific,high,5,5.80,low,ms
"cara beli excavator untuk kontraktor",52,low,informational,equipment-financing-general,high,6,5.80,low,ms
"pembiayaan excavator terpakai Malaysia",48,low,commercial,used-equipment-financing,high,5,6.20,low,ms
"pembiayaan excavator projek tender",42,low,commercial,industry-specific,high,5,8.40,low,ms
"pembiayaan excavator Klang",38,low,commercial,location-based,high,4,6.80,low,ms
"pinjaman excavator Selangor",40,low,transactional,excavator-financing,high,4,7.20,low,ms
"mohon pinjaman excavator Klang",35,low,transactional,excavator-financing,high,5,8.40,low,ms
"pembiayaan forklift Malaysia",48,low,commercial,forklift-financing,medium,4,5.80,low,ms
"pembiayaan forklift terpakai",38,low,commercial,used-equipment-financing,medium,4,5.50,low,ms
"pembiayaan forklift elektrik Malaysia",32,low,commercial,forklift-financing,medium,5,6.00,low,ms
"pembiayaan lori Malaysia",85,low,commercial,lorry-financing,high,4,6.40,low,ms
"pembiayaan lori terpakai",68,low,commercial,used-equipment-financing,high,4,5.90,low,ms
"pembiayaan lori mudah lulus",60,low,commercial,financing-alternatives,high,5,7.20,low,ms
"pembiayaan lori tanpa deposit",52,low,transactional,financing-alternatives,high,5,8.60,low,ms
"pembiayaan lori 1 tan Malaysia",45,low,commercial,lorry-financing,high,6,5.80,low,ms
"pinjaman lori untuk logistik",42,low,commercial,industry-specific,high,5,6.80,low,ms
"pembiayaan trak kontena Malaysia",55,low,commercial,prime-mover-financing,high,5,7.20,low,ms
"pembiayaan prime mover Pelabuhan Klang",38,low,commercial,location-based,high,6,7.80,low,ms
"pembiayaan jentera binaan Malaysia",72,low,commercial,equipment-financing-general,high,5,6.90,low,ms
"cara dapatkan pembiayaan jentera",45,low,informational,equipment-financing-general,high,5,6.40,low,ms
"pembiayaan jentera terpakai Malaysia",50,low,commercial,used-equipment-financing,high,5,6.50,low,ms
"pembiayaan jentera berat Malaysia",48,low,commercial,equipment-financing-general,high,5,7.20,low,ms
"syarat pembiayaan jentera Malaysia",42,low,informational,equipment-financing-general,high,5,6.80,low,ms
"货车贷款马来西亚",180,low,commercial,lorry-financing,high,4,5.80,low,zh
"货车融资马来西亚",150,low,commercial,lorry-financing,high,4,6.20,low,zh
"货车贷款快速批准",95,low,transactional,financing-alternatives,high,4,8.20,low,zh
"货车融资零首付",48,low,transactional,financing-alternatives,high,4,9.60,low,zh
"二手货车贷款马来西亚",68,low,commercial,used-equipment-financing,high,5,6.40,low,zh
"货车分期付款配套",85,low,commercial,lorry-financing,high,4,5.60,low,zh
"如何购买货车做生意",72,low,informational,equipment-financing-general,high,5,4.20,low,zh
"货车贷款灵活条款",52,low,commercial,financing-alternatives,high,4,7.60,low,zh
"1吨货车融资马来西亚",45,low,commercial,lorry-financing,high,5,5.80,low,zh
"如何建立货车车队",38,low,informational,equipment-financing-general,high,4,5.20,low,zh
"拖车头融资马来西亚",120,low,commercial,prime-mover-financing,high,5,7.20,low,zh
"拖车头贷款快速批准",75,low,transactional,financing-alternatives,high,5,8.60,low,zh
"拖车头贷款快速批准巴生",28,low,transactional,location-based,high,7,9.80,low,zh
"拖车头分期付款",88,low,commercial,prime-mover-financing,high,4,6.80,low,zh
"二手拖车头融资",55,low,commercial,used-equipment-financing,high,4,7.40,low,zh
"叉车融资马来西亚",42,medium,commercial,forklift-financing,medium,4,4.80,low,zh
"叉车租赁与购买对比",35,low,informational,comparison-keywords,high,5,5.80,low,zh
"电动叉车融资马来西亚",32,low,commercial,forklift-financing,medium,5,5.60,low,zh
"推土机融资马来西亚",38,medium,commercial,bulldozer-financing,medium,4,7.60,low,zh
"推土机融资政府项目",28,low,commercial,industry-specific,medium,5,8.90,low,zh
"挖掘机融资马来西亚",65,low,commercial,excavator-financing,high,4,6.80,low,zh
"挖掘机贷款马来西亚",58,low,commercial,excavator-financing,high,4,6.50,low,zh
"二手挖掘机融资",48,low,commercial,used-equipment-financing,high,4,7.20,low,zh
"迷你挖掘机融资",35,low,commercial,excavator-financing,high,4,6.40,low,zh
"建筑设备融资马来西亚",52,low,commercial,equipment-financing-general,high,5,7.40,low,zh
"工程机械贷款马来西亚",48,low,commercial,equipment-financing-general,high,5,7.00,low,zh
"重型机械融资马来西亚",45,low,commercial,equipment-financing-general,high,5,7.60,low,zh
"设备融资计算器",32,low,commercial,equipment-financing-general,high,4,5.80,low,zh
"how to apply equipment financing Malaysia",65,low,commercial,equipment-financing-general,high,6,7.20,low,en
"what documents needed equipment financing",48,low,informational,equipment-financing-general,high,5,6.80,low,en
"when to buy vs lease equipment",42,low,informational,comparison-keywords,high,6,6.40,low,en
"where to get equipment financing Klang",38,low,commercial,location-based,high,6,7.60,low,en
"why hire purchase better than loan",35,low,informational,comparison-keywords,high,6,6.20,low,en
"can I get equipment financing bad credit",52,low,commercial,financing-alternatives,high,7,10.20,low,en
"should I finance or buy equipment cash",38,low,informational,comparison-keywords,high,7,6.80,low,en
"equipment financing requirements Malaysia",55,low,informational,equipment-financing-general,high,5,7.40,low,en
"equipment financing approval process Malaysia",48,low,informational,equipment-financing-general,high,5,7.80,low,en
"equipment financing interest rate Malaysia",58,low,commercial,equipment-financing-general,high,5,7.60,low,en
"best equipment financing Malaysia",52,low,commercial,equipment-financing-general,high,4,7.80,low,en
"cheap equipment financing Malaysia",45,low,commercial,equipment-financing-general,medium,4,7.40,low,en
"fastest equipment financing approval",42,low,transactional,equipment-financing-general,high,4,9.80,low,en
"equipment financing vs bank loan comparison",48,low,informational,comparison-keywords,high,6,7.20,low,en
"equipment financing 5 year vs 7 year",38,low,informational,equipment-financing-general,high,7,6.80,low,en
"equipment financing for SME Malaysia",52,low,commercial,industry-specific,high,5,7.40,low,en
"equipment financing for startups Malaysia",45,low,commercial,industry-specific,high,5,7.60,low,en
"equipment financing construction company",48,low,commercial,industry-specific,high,4,7.80,low,en
"equipment financing logistics company",42,low,commercial,industry-specific,high,4,7.60,low,en
"equipment financing warehouse operations",38,low,commercial,industry-specific,high,4,7.40,low,en
"equipment financing manufacturing business",35,low,commercial,industry-specific,medium,4,7.20,low,en
"equipment financing oil palm plantation",28,low,commercial,industry-specific,medium,5,7.00,low,en
"equipment financing agriculture Malaysia",32,low,commercial,industry-specific,medium,4,6.80,low,en
"equipment financing mining operations",30,low,commercial,industry-specific,medium,4,7.40,low,en
"equipment financing cold chain logistics",35,low,commercial,industry-specific,medium,5,8.20,low,en
"refrigerated truck financing Malaysia",42,medium,commercial,equipment-financing-general,medium,4,7.90,low,en
"refrigerated truck financing cold storage",35,low,commercial,industry-specific,medium,6,8.40,low,en
"equipment financing package deal multiple units",32,low,commercial,equipment-financing-general,high,7,8.60,low,en
"warehouse equipment package financing Malaysia",35,low,commercial,industry-specific,high,6,7.80,low,en
"construction equipment bundle financing",38,low,commercial,equipment-financing-general,high,4,8.20,low,en
"equipment financing with maintenance package",32,low,commercial,equipment-financing-general,high,6,8.40,low,en
"equipment financing fuel cost management",25,low,informational,equipment-financing-general,high,5,8.20,low,en
"equipment financing toll cost calculator",22,low,informational,equipment-financing-general,high,5,7.60,low,en
"equipment financing total ownership cost",28,low,informational,equipment-financing-general,high,5,7.80,low,en
"equipment financing success stories Malaysia",32,low,informational,equipment-financing-general,medium,5,5.40,low,en
"equipment financing case study Malaysia",28,low,informational,equipment-financing-general,medium,5,6.20,low,en
"equipment financing reviews Malaysia",35,low,informational,equipment-financing-general,medium,4,6.80,low,en
"trusted equipment financing company Malaysia",38,low,commercial,equipment-financing-general,high,5,7.60,low,en
"licensed equipment financing Malaysia",32,low,commercial,equipment-financing-general,high,4,7.40,low,en
"equipment financing comparison Malaysia",42,low,informational,comparison-keywords,high,4,7.20,low,en
"excavator financing Caterpillar vs Komatsu",28,low,informational,comparison-keywords,medium,6,7.80,low,en
"forklift financing electric vs diesel cost",32,low,informational,comparison-keywords,high,7,6.40,low,en
"lorry financing new vs used depreciation",35,low,informational,comparison-keywords,high,6,6.80,low,en
"prime mover financing Scania vs Volvo",25,low,informational,comparison-keywords,medium,6,8.20,low,en
"equipment financing Malay language service",32,low,commercial,equipment-financing-general,high,5,8.40,low,en
"equipment financing multilingual support",28,low,commercial,equipment-financing-general,high,4,7.80,low,en
"equipment financing 24 hour hotline",35,low,commercial,equipment-financing-general,high,5,8.60,low,en
"equipment financing weekend application",30,low,commercial,equipment-financing-general,high,4,8.40,low,en
"equipment financing online application Malaysia",42,low,commercial,equipment-financing-general,high,5,8.20,low,en
"equipment financing instant approval Malaysia",38,low,transactional,equipment-financing-general,high,5,10.40,low,en
"equipment financing no paperwork Malaysia",32,low,commercial,financing-alternatives,high,5,9.80,low,en
"equipment financing informal income accepted",28,low,commercial,financing-alternatives,high,5,10.60,low,en
"equipment financing self employed Malaysia",35,low,commercial,financing-alternatives,high,5,9.40,low,en
"equipment financing freelance contractor",30,low,commercial,financing-alternatives,high,4,9.20,low,en
"equipment financing part time business",28,low,commercial,financing-alternatives,high,5,8.80,low,en
"equipment financing side business Malaysia",32,low,commercial,financing-alternatives,high,5,8.60,low,en
"equipment financing first time buyer",38,low,commercial,equipment-financing-general,high,5,8.20,low,en
"equipment financing graduate entrepreneur",25,low,commercial,industry-specific,medium,4,7.80,low,en
"equipment financing youth entrepreneur Malaysia",28,low,commercial,industry-specific,medium,5,7.60,low,en
"equipment financing women entrepreneur",30,low,commercial,industry-specific,medium,4,7.40,low,en
"equipment financing bumiputera business",32,low,commercial,industry-specific,medium,4,7.20,low,en
"equipment financing Mara approved",28,low,commercial,equipment-financing-general,medium,4,7.60,low,en
"equipment financing felda approved",25,low,commercial,equipment-financing-general,medium,4,7.40,low,en
"equipment financing GLC project",30,low,commercial,industry-specific,medium,4,7.80,low,en
"equipment financing Class F contractor",32,low,commercial,industry-specific,high,5,8.20,low,en
"equipment financing Class G contractor",35,low,commercial,industry-specific,high,5,8.40,low,en
"equipment financing PWD registered",30,low,commercial,industry-specific,high,4,8.00,low,en
"equipment financing JKR approved contractor",28,low,commercial,industry-specific,high,5,8.20,low,en
"equipment financing MRT project",32,low,commercial,industry-specific,medium,4,8.60,low,en
"equipment financing LRT project",30,low,commercial,industry-specific,medium,4,8.40,low,en
"equipment financing highway construction",35,low,commercial,industry-specific,medium,4,8.80,low,en
"equipment financing building construction",38,low,commercial,industry-specific,high,4,8.40,low,en
"equipment financing infrastructure project",32,low,commercial,industry-specific,medium,4,8.60,low,en
"equipment financing property development",35,low,commercial,industry-specific,medium,4,8.40,low,en
"equipment financing housing project",30,low,commercial,industry-specific,medium,4,8.20,low,en
"equipment financing factory construction",32,low,commercial,industry-specific,medium,4,8.40,low,en
"equipment financing warehouse development",28,low,commercial,industry-specific,medium,4,8.20,low,en
"equipment financing port operations",30,low,commercial,industry-specific,medium,4,8.60,low,en
"equipment financing shipping company",32,low,commercial,industry-specific,medium,4,8.40,low,en
"equipment financing haulage company",28,low,commercial,industry-specific,medium,4,8.20,low,en
"equipment financing courier service",30,low,commercial,industry-specific,medium,4,8.00,low,en
"equipment financing e-commerce delivery",32,low,commercial,industry-specific,high,4,8.40,low,en
"equipment financing last mile delivery",28,low,commercial,industry-specific,high,5,8.20,low,en
"equipment financing food delivery business",30,low,commercial,industry-specific,high,5,8.00,low,en
"equipment financing grab driver",25,low,commercial,industry-specific,medium,4,7.80,low,en
"equipment financing lalamove driver",22,low,commercial,industry-specific,medium,4,7.60,low,en
"jaw crusher financing Malaysia",45,low,commercial,quarry-mining,high,5,8.20,low,en
"quarry equipment financing Malaysia",38,low,commercial,quarry-mining,high,5,7.80,low,en
"aggregate equipment financing",32,low,commercial,quarry-mining,medium,4,7.60,low,en
"crushing equipment financing Malaysia",28,low,commercial,quarry-mining,medium,5,8.00,low,en
"used jaw crusher financing",32,low,commercial,used-equipment-financing,high,5,7.80,low,en
"quarry equipment financing for new license",22,low,commercial,quarry-mining,high,7,8.40,low,en
"aggregate production equipment loan",25,low,commercial,quarry-mining,medium,5,7.80,low,en
"screening equipment financing Malaysia",20,low,commercial,quarry-mining,medium,5,7.40,low,en
"conveyor system financing quarry",18,low,commercial,quarry-mining,medium,5,7.60,low,en
"remote control grab financing",22,low,commercial,quarry-mining,medium,5,8.00,low,en
"quarry machinery financing Perak",25,low,commercial,location-based,medium,5,7.80,low,en
"stone crusher financing Malaysia",35,low,commercial,quarry-mining,high,5,7.90,low,en
"碎石机融资马来西亚",28,low,commercial,quarry-mining,medium,5,7.40,low,zh
"采石场设备融资",22,low,commercial,quarry-mining,medium,4,7.20,low,zh
"破碎设备贷款马来西亚",18,low,commercial,quarry-mining,medium,5,7.60,low,zh
"pembiayaan peralatan kuari Malaysia",25,low,commercial,quarry-mining,medium,5,7.40,low,ms
"pembiayaan mesin penghancur batu",20,low,commercial,quarry-mining,medium,5,7.60,low,ms
"pinjaman jentera kuari",22,low,commercial,quarry-mining,medium,4,7.40,low,ms
"jaw crusher financing for quarry license",18,low,commercial,quarry-mining,high,7,8.60,low,en
"aggregate equipment financing Rawang",20,low,commercial,location-based,medium,5,7.80,low,en
"quarry equipment financing Ipoh",22,low,commercial,location-based,medium,5,7.60,low,en
"crushing plant financing Malaysia",25,low,commercial,quarry-mining,medium,5,8.00,low,en
"mobile crusher financing Malaysia",20,low,commercial,quarry-mining,medium,5,7.80,low,en
"sand processing equipment financing",18,low,commercial,quarry-mining,medium,5,7.60,low,en
"aggregate washing plant financing",15,low,commercial,quarry-mining,low,5,7.80,low,en
"quarry truck financing Malaysia",28,low,commercial,quarry-mining,medium,5,7.60,low,en
"dump truck financing for quarry",25,low,commercial,quarry-mining,medium,6,7.80,low,en
"industrial mixer financing Malaysia",28,low,commercial,manufacturing-industrial,medium,5,7.80,low,en
"chemical tank financing Malaysia",25,low,commercial,manufacturing-industrial,medium,5,8.00,low,en
"food processing equipment financing",38,low,commercial,manufacturing-industrial,high,5,8.20,low,en
"textile machinery financing Malaysia",35,low,commercial,manufacturing-industrial,medium,5,7.80,low,en
"quilting machine financing Malaysia",18,low,commercial,manufacturing-industrial,low,5,7.40,low,en
"industrial equipment financing HACCP",22,low,commercial,manufacturing-industrial,medium,5,8.40,low,en
"stainless steel equipment financing",25,low,commercial,manufacturing-industrial,medium,5,7.80,low,en
"food processing equipment HACCP financing",20,low,commercial,manufacturing-industrial,medium,6,8.60,low,en
"halal certified equipment financing",22,low,commercial,manufacturing-industrial,medium,5,8.20,low,en
"industrial mixer financing for food factory",18,low,commercial,manufacturing-industrial,medium,7,8.40,low,en
"chemical processing equipment loan",25,low,commercial,manufacturing-industrial,medium,5,8.00,low,en
"textile manufacturing equipment financing",28,low,commercial,manufacturing-industrial,medium,5,7.80,low,en
"factory automation equipment financing",32,low,commercial,manufacturing-industrial,high,5,8.40,low,en
"食品加工设备融资",22,low,commercial,manufacturing-industrial,medium,4,7.60,low,zh
"工业设备融资马来西亚",25,low,commercial,manufacturing-industrial,medium,5,7.80,low,zh
"化工设备融资",18,low,commercial,manufacturing-industrial,medium,4,7.40,low,zh
"纺织机械融资马来西亚",20,low,commercial,manufacturing-industrial,medium,5,7.60,low,zh
"pembiayaan peralatan kilang",28,low,commercial,manufacturing-industrial,medium,4,7.40,low,ms
"pembiayaan mesin pemprosesan makanan",22,low,commercial,manufacturing-industrial,medium,5,7.80,low,ms
"pinjaman peralatan industri Malaysia",25,low,commercial,manufacturing-industrial,medium,5,7.60,low,ms
"industrial sand mixer financing",20,low,commercial,manufacturing-industrial,medium,5,7.60,low,en
"continuous mixer financing Malaysia",15,low,commercial,manufacturing-industrial,low,5,7.40,low,en
"food grade equipment financing",22,low,commercial,manufacturing-industrial,medium,5,8.00,low,en
"stainless steel tank financing",25,low,commercial,manufacturing-industrial,medium,5,7.80,low,en
"commercial kitchen equipment financing",32,low,commercial,manufacturing-industrial,medium,5,8.20,low,en
"industrial sewing machine financing",28,low,commercial,manufacturing-industrial,medium,5,7.60,low,en
"embroidery machine financing Malaysia",22,low,commercial,manufacturing-industrial,low,5,7.40,low,en
"packaging equipment financing Malaysia",28,low,commercial,manufacturing-industrial,medium,5,7.80,low,en
"bottling equipment financing",25,low,commercial,manufacturing-industrial,medium,4,8.00,low,en
"bakery equipment financing Malaysia",30,low,commercial,manufacturing-industrial,medium,5,7.80,low,en
"restaurant equipment financing Malaysia",38,low,commercial,manufacturing-industrial,high,5,8.20,low,en
"cafe equipment package financing",28,low,commercial,manufacturing-industrial,medium,5,7.80,low,en
"ISO compliant equipment financing",22,low,commercial,manufacturing-industrial,medium,5,8.20,low,en
"GMP certified equipment financing",18,low,commercial,manufacturing-industrial,medium,5,8.40,low,en
"backhoe financing Malaysia",42,low,commercial,specialized-construction,high,4,7.80,low,en
"self loader truck financing Malaysia",35,low,commercial,specialized-construction,high,6,8.00,low,en
"tow truck financing Malaysia",55,low,commercial,specialized-construction,high,5,8.20,low,en
"side loader financing Malaysia",28,low,commercial,specialized-construction,medium,5,7.80,low,en
"compactor financing Malaysia",32,low,commercial,specialized-construction,medium,4,7.60,low,en
"used backhoe financing Malaysia",38,low,commercial,used-equipment-financing,high,5,7.60,low,en
"backhoe financing for utility work",25,low,commercial,specialized-construction,medium,6,7.80,low,en
"self loader financing towing business",28,low,commercial,specialized-construction,high,6,8.40,low,en
"wrecker truck financing Malaysia",32,low,commercial,specialized-construction,medium,5,8.00,low,en
"recovery truck financing Malaysia",30,low,commercial,specialized-construction,medium,5,7.80,low,en
"port equipment financing Klang",25,low,commercial,location-based,medium,5,8.20,low,en
"container side loader financing",22,low,commercial,specialized-construction,medium,5,7.80,low,en
"specialized construction equipment loan",28,low,commercial,specialized-construction,medium,5,7.60,low,en
"挖掘装载机融资",22,low,commercial,specialized-construction,medium,4,7.40,low,zh
"拖车融资马来西亚",28,low,commercial,specialized-construction,medium,4,7.80,low,zh
"pembiayaan backhoe Malaysia",25,low,commercial,specialized-construction,medium,4,7.40,low,ms
"pembiayaan trak tunda Malaysia",30,low,commercial,specialized-construction,medium,5,7.80,low,ms
"utility backhoe financing Malaysia",25,low,commercial,specialized-construction,medium,5,7.80,low,en
"mini backhoe financing Malaysia",28,low,commercial,specialized-construction,medium,5,7.60,low,en
"backhoe loader financing",30,low,commercial,specialized-construction,medium,4,7.80,low,en
"towing business equipment financing",32,low,commercial,specialized-construction,high,5,8.20,low,en
"recovery truck financing bad credit",25,low,commercial,financing-alternatives,high,6,9.20,low,en
"wrecker truck financing for new business",22,low,commercial,specialized-construction,high,7,8.60,low,en
"flatbed tow truck financing Malaysia",28,low,commercial,specialized-construction,medium,6,8.00,low,en
"heavy duty wrecker financing",25,low,commercial,specialized-construction,medium,5,8.40,low,en
"road compactor financing Malaysia",28,low,commercial,specialized-construction,medium,5,7.80,low,en
"vibratory compactor financing",22,low,commercial,specialized-construction,medium,4,7.60,low,en
"soil compactor equipment financing",20,low,commercial,specialized-construction,medium,5,7.80,low,en
"container handling equipment financing",25,low,commercial,specialized-construction,medium,5,8.20,low,en
"reach stacker financing Malaysia",18,low,commercial,specialized-construction,low,5,8.60,low,en
"mobile crane financing for rental business",22,low,commercial,specialized-construction,medium,7,8.80,low,en
"crane truck financing Malaysia",28,low,commercial,specialized-construction,medium,5,8.40,low,en
"boom truck financing Malaysia",25,low,commercial,specialized-construction,medium,5,8.20,low,en
"equipment financing for towing service",30,low,commercial,specialized-construction,high,6,8.40,low,en
"specialized transport equipment financing",25,low,commercial,specialized-construction,medium,5,8.00,low,en
"niche construction equipment loan",20,low,commercial,specialized-construction,medium,5,7.80,low,en
"helicopter financing Malaysia",15,medium,commercial,aviation,low,4,12.00,medium,en
"aircraft financing Malaysia",22,low,commercial,aviation,low,4,11.50,medium,en
"aviation equipment financing",18,low,commercial,aviation,low,4,11.00,medium,en
"Robinson R66 financing Malaysia",8,low,commercial,aviation,low,5,12.50,low,en
"used helicopter financing Malaysia",12,low,commercial,aviation,low,5,11.80,low,en
"helicopter financing offshore contract",10,low,commercial,aviation,low,5,13.00,medium,en
"aviation equipment loan RM 3 million",6,low,commercial,aviation,low,7,12.80,low,en
"helicopter financing Petronas contract",5,low,transactional,aviation,low,5,14.00,medium,en
"aircraft financing offshore oil gas",8,low,commercial,aviation,low,6,13.20,medium,en
"helicopter financing aerial survey business",6,low,commercial,aviation,low,6,12.40,low,en
"aviation financing CAAM approved",8,low,commercial,aviation,low,5,12.20,low,en
"helicopter financing for tourism business",10,low,commercial,aviation,low,6,11.80,low,en
"light aircraft financing Malaysia",12,low,commercial,aviation,low,5,11.40,low,en
"small plane financing offshore",8,low,commercial,aviation,low,5,12.60,medium,en
"helicopter leasing vs purchase Malaysia",10,low,informational,aviation,low,6,11.80,low,en
"aviation financing for charter business",8,low,commercial,aviation,low,6,12.40,low,en
"helicopter financing emergency medical",6,low,commercial,aviation,low,5,13.20,medium,en
"offshore support vessel helicopter financing",5,low,commercial,aviation,low,6,14.20,medium,en
"aerial survey equipment financing",8,low,commercial,aviation,low,5,12.00,low,en
"tourism helicopter financing Langkawi",6,low,commercial,aviation,low,5,12.60,low,en
"corporate helicopter financing Malaysia",8,low,commercial,aviation,low,5,13.00,medium,en
"helicopter financing for pilot training school",5,low,commercial,aviation,low,7,11.80,low,en