Top pages,Clicks,Impressions,CTR,Position
https://www.kreditloan.my/ms/equipment/crane/,6,109,5.5%,11.66
https://www.kreditloan.my/ms/blog/how-to-apply-excavator-financing-malaysia/,5,31,16.13%,6.19
https://www.kreditloan.my/ms/,4,67,5.97%,5.15
https://www.kreditloan.my/ms/blog/family-emergency-loan-malaysia/,3,22,13.64%,18.5
https://www.kreditloan.my/en/services/hire-purchase/,2,268,0.75%,36.02
https://www.kreditloan.my/ms/blog/excavator-financing-save-30-percent/,2,64,3.12%,7.48
https://www.kreditloan.my/ms/blog/same-day-personal-loan-malaysia/,2,40,5%,16.27
https://www.kreditloan.my/ms/contact/,2,26,7.69%,4.15
https://www.kreditloan.my/ms/blog/sewa-vs-beli-forklift-malaysia/,2,12,16.67%,7.33
https://www.kreditloan.my/en/blog/debt-consolidation-personal-loan-malaysia/,1,139,0.72%,62.97
https://www.kreditloan.my/en/blog/excavator-financing-malaysia/,1,44,2.27%,7.57
https://www.kreditloan.my/ms/equipment/lorry/,1,36,2.78%,5.44
https://www.kreditloan.my/ms/blog/pembiayaan-excavator-kontraktor-kecil/,1,19,5.26%,8.37
https://www.kreditloan.my/ms/blog/excavator-financing-save-30-percent,1,18,5.56%,5.94
https://www.kreditloan.my/en/blog/how-to-get-personal-loan-malaysia/,1,15,6.67%,49.73
https://www.kreditloan.my/zh/blog/excavator-financing-save-30-percent/,1,10,10%,7.7
https://www.kreditloan.my/ms/blog/tractor-financing-malaysia/,1,10,10%,18.8
https://www.kreditloan.my/en/blog/3d-machine-control-bulldozer-financing,1,8,12.5%,5.5
https://www.kreditloan.my/ms/blog/tractor-financing-malaysia,1,7,14.29%,8
https://www.kreditloan.my/ms/blog/,1,7,14.29%,36.43
https://www.kreditloan.my/en/blog/forklift-financing-malaysia,1,6,16.67%,9.5
https://www.kreditloan.my/ms/equipment/,1,5,20%,4.8
https://www.kreditloan.my/ms/calculator/,1,5,20%,6.4
https://www.kreditloan.my/en/blog/working-capital-loan-for-sme-malaysia/,0,216,0%,57.35
https://www.kreditloan.my/en/blog/solar-panel-financing-malaysia,0,61,0%,56.3
https://www.kreditloan.my/en/blog/solar-panel-financing-malaysia/,0,49,0%,51.2
https://www.kreditloan.my/ms/equipment/refrigerated-truck/,0,48,0%,7.46
https://www.kreditloan.my/en/blog/lorry-financing-logistics-startups/,0,38,0%,7.87
https://www.kreditloan.my/ms/blog/restaurant-equipment-financing-malaysia/,0,32,0%,9.09
https://www.kreditloan.my/ms/equipment/prime-mover/,0,25,0%,7.52
https://www.kreditloan.my/en/blog/poor-credit-personal-loan-malaysia/,0,25,0%,15.24
https://www.kreditloan.my/ms/services/hire-purchase/,0,22,0%,36.59
https://www.kreditloan.my/en/blog/business-loan-for-restaurant-malaysia/,0,15,0%,4.53
https://www.kreditloan.my/en/blog/tax-benefits-equipment-financing-2025/,0,11,0%,7.64
https://www.kreditloan.my/en/blog/emergency-cash-loan-malaysia/,0,11,0%,18.82
https://www.kreditloan.my/en/blog/injection-molding-machine-financing-malaysia/,0,8,0%,4.75
https://www.kreditloan.my/en/blog/forklift-leasing-vs-buying-guide/,0,8,0%,5.75
https://www.kreditloan.my/en/blog/forklift-financing-malaysia/,0,6,0%,8.83
https://www.kreditloan.my/ms/blog/complete-guide-equipment-financing-malaysia/,0,6,0%,47.67
https://www.kreditloan.my/ms/equipment/bulldozer/,0,5,0%,5.2
https://www.kreditloan.my/en/blog/poor-credit-personal-loan-malaysia,0,5,0%,7
https://www.kreditloan.my/ms/blog/personal-loan-vs-credit-card-malaysia/,0,5,0%,7.8
https://www.kreditloan.my/ms/blog/business-loan-bad-credit-malaysia/,0,5,0%,8.6
https://www.kreditloan.my/en/equipment/wheel-loader/,0,5,0%,20
https://www.kreditloan.my/ms/about/,0,4,0%,9.25
https://www.kreditloan.my/en/blog/lorry-financing-logistics-startups,0,4,0%,10
https://www.kreditloan.my/ms/blog/farming-equipment-financing-malaysia/,0,4,0%,42
https://www.kreditloan.my/en/blog/3d-machine-control-bulldozer-financing/,0,3,0%,3.67
https://www.kreditloan.my/ms/blog/strategi-pembiayaan-pembelian-pukal-jentera/,0,3,0%,13
https://www.kreditloan.my/ms/blog/pinjaman-peribadi-kredit-teruk-malaysia/,0,3,0%,27.33
https://www.kreditloan.my/ms/blog/pembiayaan-peralatan-pintar-iot-pembinaan/,0,2,0%,5.5
https://www.kreditloan.my/ms/equipment/forklift/,0,2,0%,8.5
https://www.kreditloan.my/en/equipment/wheel-loader,0,1,0%,1
https://www.kreditloan.my/en/blog/5-unit-bulldozer-fleet-financing-package/,0,1,0%,2
https://www.kreditloan.my/zh/blog/excavator-financing-save-30-percent,0,1,0%,2
https://www.kreditloan.my/ms/services/,0,1,0%,6
https://www.kreditloan.my/ms/blog/category/tax-compliance/,0,1,0%,7
https://www.kreditloan.my/ms/blog/farming-equipment-financing-malaysia,0,1,0%,11
https://www.kreditloan.my/en/blog/5-unit-bulldozer-fleet-financing-package,0,1,0%,18
https://www.kreditloan.my/ms/blog/page/2/,0,1,0%,110