keyword,search_volume,difficulty,intent,topic_cluster,priority,word_count,category,template_type,target_location,target_industry,estimated_monthly_sessions
SEO services in Kuala Lumpur,890,medium,commercial,location-seo,high,5,location-based,service-in-location,Kuala Lumpur,,120
SEO agency Kuala Lumpur,720,medium,commercial,location-seo,high,4,location-based,service-agency-location,Kuala Lumpur,,95
best SEO company in KL,380,medium,commercial,location-seo,high,5,location-based,best-service-location,Kuala Lumpur,,50
affordable SEO services KL,290,low,commercial,location-seo,high,4,location-based,affordable-service-location,Kuala Lumpur,,38
SEO services near me Kuala Lumpur,210,low,commercial,location-seo,medium,5,location-based,service-near-me,Kuala Lumpur,,28
content marketing in Kuala Lumpur,320,low,commercial,location-content,high,5,location-based,service-in-location,Kuala Lumpur,,42
content marketing agency KL,180,low,commercial,location-content,medium,4,location-based,service-agency-location,Kuala Lumpur,,24
best content marketing company KL,120,low,commercial,location-content,medium,5,location-based,best-service-location,Kuala Lumpur,,16
affordable content marketing KL,90,low,commercial,location-content,medium,4,location-based,affordable-service-location,Kuala Lumpur,,12
content marketing near me KL,70,low,commercial,location-content,low,5,location-based,service-near-me,Kuala Lumpur,,9
PPC management in Kuala Lumpur,260,low,commercial,location-ppc,high,5,location-based,service-in-location,Kuala Lumpur,,34
Google Ads agency KL,240,low,commercial,location-ppc,high,4,location-based,service-agency-location,Kuala Lumpur,,32
best PPC company Kuala Lumpur,110,low,commercial,location-ppc,medium,5,location-based,best-service-location,Kuala Lumpur,,15
affordable PPC services KL,85,low,commercial,location-ppc,medium,4,location-based,affordable-service-location,Kuala Lumpur,,11
PPC management near me KL,60,low,commercial,location-ppc,low,5,location-based,service-near-me,Kuala Lumpur,,8
social media marketing in Kuala Lumpur,310,low,commercial,location-social,high,5,location-based,service-in-location,Kuala Lumpur,,41
social media agency KL,190,low,commercial,location-social,medium,4,location-based,service-agency-location,Kuala Lumpur,,25
best social media company KL,95,low,commercial,location-social,medium,5,location-based,best-service-location,Kuala Lumpur,,13
affordable social media marketing KL,75,low,commercial,location-social,medium,5,location-based,affordable-service-location,Kuala Lumpur,,10
social media marketing near me KL,55,low,commercial,location-social,low,5,location-based,service-near-me,Kuala Lumpur,,7
SEO services in Penang,420,medium,commercial,location-seo,high,4,location-based,service-in-location,Penang,,55
SEO agency Penang,340,low,commercial,location-seo,high,3,location-based,service-agency-location,Penang,,45
best SEO company Penang,170,low,commercial,location-seo,high,4,location-based,best-service-location,Penang,,22
affordable SEO services Penang,130,low,commercial,location-seo,medium,4,location-based,affordable-service-location,Penang,,17
SEO services near me Penang,95,low,commercial,location-seo,medium,5,location-based,service-near-me,Penang,,12
content marketing in Penang,150,low,commercial,location-content,medium,4,location-based,service-in-location,Penang,,20
content marketing agency Penang,85,low,commercial,location-content,medium,4,location-based,service-agency-location,Penang,,11
best content marketing company Penang,60,low,commercial,location-content,low,5,location-based,best-service-location,Penang,,8
affordable content marketing Penang,45,low,commercial,location-content,low,4,location-based,affordable-service-location,Penang,,6
content marketing near me Penang,35,low,commercial,location-content,low,5,location-based,service-near-me,Penang,,5
SEO services in Johor Bahru,380,medium,commercial,location-seo,high,5,location-based,service-in-location,Johor,,50
SEO agency Johor Bahru,310,low,commercial,location-seo,high,4,location-based,service-agency-location,Johor,,41
best SEO company JB,160,low,commercial,location-seo,high,4,location-based,best-service-location,Johor,,21
affordable SEO services Johor Bahru,120,low,commercial,location-seo,medium,5,location-based,affordable-service-location,Johor,,16
SEO services near me JB,85,low,commercial,location-seo,medium,5,location-based,service-near-me,Johor,,11
digital marketing agency Selangor,540,medium,commercial,location-digital,high,4,location-based,service-agency-location,Selangor,,71
SEO services Petaling Jaya,280,low,commercial,location-seo,high,4,location-based,service-location,Selangor,,37
content marketing Shah Alam,110,low,commercial,location-content,medium,4,location-based,service-location,Selangor,,15
PPC management Subang Jaya,95,low,commercial,location-ppc,medium,4,location-based,service-location,Selangor,,13
social media marketing Klang,85,low,commercial,location-social,medium,4,location-based,service-location,Selangor,,11
SEO services Ipoh,190,low,commercial,location-seo,medium,3,location-based,service-location,Perak,,25
digital marketing agency Perak,160,low,commercial,location-digital,medium,4,location-based,service-agency-location,Perak,,21
content marketing Ipoh,75,low,commercial,location-content,low,3,location-based,service-location,Perak,,10
SEO services Kota Kinabalu,170,low,commercial,location-seo,medium,4,location-based,service-location,Sabah,,22
digital marketing agency Sabah,140,low,commercial,location-digital,medium,4,location-based,service-agency-location,Sabah,,18
SEO services Kuching,160,low,commercial,location-seo,medium,3,location-based,service-location,Sarawak,,21
digital marketing agency Sarawak,130,low,commercial,location-digital,medium,4,location-based,service-agency-location,Sarawak,,17
local SEO services KL,210,low,commercial,location-local,high,4,location-based,service-location,Kuala Lumpur,,28
e-commerce SEO Kuala Lumpur,180,low,commercial,location-ecommerce,high,4,location-based,service-location,Kuala Lumpur,,24
link building services Penang,95,low,commercial,location-linkbuilding,medium,4,location-based,service-location,Penang,,13
web design services KL,420,medium,commercial,location-webdesign,high,4,location-based,service-location,Kuala Lumpur,,55
email marketing agency Kuala Lumpur,160,low,commercial,location-email,medium,5,location-based,service-agency-location,Kuala Lumpur,,21
conversion optimization services KL,95,low,commercial,location-cro,medium,4,location-based,service-location,Kuala Lumpur,,13
SEO consulting Kuala Lumpur,190,low,commercial,location-consulting,high,3,location-based,service-location,Kuala Lumpur,,25
digital marketing strategy KL,140,low,commercial,location-strategy,medium,4,location-based,service-location,Kuala Lumpur,,18
SaaS SEO,890,high,commercial,industry-saas,high,2,industry-vertical,industry-service,,SaaS,117
SEO for SaaS companies,720,high,commercial,industry-saas,high,4,industry-vertical,service-for-industry,,SaaS,95
SaaS digital marketing,640,medium,commercial,industry-saas,high,3,industry-vertical,industry-service,,SaaS,84
how to generate leads for SaaS,380,low,informational,industry-saas,high,6,industry-vertical,how-to-industry,,SaaS,50
SaaS SEO agency Malaysia,280,low,commercial,industry-saas,high,4,industry-vertical,industry-service-agency,,SaaS,37
B2B SaaS content marketing,240,low,commercial,industry-saas,medium,4,industry-vertical,industry-service,,SaaS,32
SaaS lead generation,590,medium,commercial,industry-saas,high,3,industry-vertical,industry-service,,SaaS,78
SaaS PPC management,310,low,commercial,industry-saas,high,3,industry-vertical,industry-service,,SaaS,41
enterprise software SEO,260,low,commercial,industry-software,high,3,industry-vertical,industry-service,,Software,34
cloud software marketing,220,low,commercial,industry-software,medium,3,industry-vertical,industry-service,,Software,29
fintech SEO,560,medium,commercial,industry-fintech,high,2,industry-vertical,industry-service,,Fintech,74
SEO for fintech companies,420,medium,commercial,industry-fintech,high,4,industry-vertical,service-for-industry,,Fintech,55
financial services digital marketing,490,medium,commercial,industry-financial,high,4,industry-vertical,industry-service,,Financial,64
bank SEO Malaysia,180,low,commercial,industry-banking,high,3,industry-vertical,industry-service-location,,Banking,24
investment firm SEO,240,low,commercial,industry-investment,high,3,industry-vertical,industry-service,,Investment,32
cryptocurrency marketing,380,medium,commercial,industry-crypto,high,2,industry-vertical,industry-service,,Crypto,50
digital banking SEO,290,low,commercial,industry-banking,high,3,industry-vertical,industry-service,,Banking,38
mortgage broker lead generation,340,low,commercial,industry-mortgage,high,4,industry-vertical,industry-service,,Mortgage,45
credit services SEO,210,low,commercial,industry-credit,medium,3,industry-vertical,industry-service,,Credit,28
wealth management SEO,280,low,commercial,industry-wealth,high,3,industry-vertical,industry-service,,Wealth,37
medical practice SEO,420,medium,commercial,industry-healthcare,high,3,industry-vertical,industry-service,,Healthcare,55
SEO for dental clinics,310,low,commercial,industry-dental,high,4,industry-vertical,service-for-industry,,Healthcare,41
healthcare digital marketing,490,medium,commercial,industry-healthcare,high,3,industry-vertical,industry-service,,Healthcare,64
hospital SEO Malaysia,190,low,commercial,industry-healthcare,medium,3,industry-vertical,industry-service-location,,Healthcare,25
medical device SEO,240,low,commercial,industry-medical,medium,3,industry-vertical,industry-service,,Medical,32
pharmaceutical marketing,360,medium,commercial,industry-pharma,high,2,industry-vertical,industry-service,,Pharma,47
clinic lead generation,280,low,commercial,industry-healthcare,high,3,industry-vertical,industry-service,,Healthcare,37
healthcare content marketing,260,low,commercial,industry-healthcare,medium,3,industry-vertical,industry-service,,Healthcare,34
medical SEO services,340,low,commercial,industry-healthcare,high,3,industry-vertical,industry-service,,Healthcare,45
dental practice marketing,290,low,commercial,industry-dental,high,3,industry-vertical,industry-service,,Healthcare,38
e-commerce SEO,1240,high,commercial,industry-ecommerce,high,2,industry-vertical,industry-service,,Ecommerce,163
SEO for online stores,680,medium,commercial,industry-ecommerce,high,4,industry-vertical,service-for-industry,,Ecommerce,89
e-commerce digital marketing,890,medium,commercial,industry-ecommerce,high,3,industry-vertical,industry-service,,Ecommerce,117
how to increase e-commerce sales,420,low,informational,industry-ecommerce,high,5,industry-vertical,how-to-industry,,Ecommerce,55
e-commerce SEO agency Malaysia,240,low,commercial,industry-ecommerce,high,5,industry-vertical,industry-service-agency,,Ecommerce,32
Shopify SEO services,380,medium,commercial,industry-ecommerce,high,3,industry-vertical,platform-service,,Ecommerce,50
WooCommerce SEO,340,medium,commercial,industry-ecommerce,high,2,industry-vertical,platform-service,,Ecommerce,45
fashion e-commerce marketing,190,low,commercial,industry-fashion,medium,3,industry-vertical,industry-service,,Ecommerce,25
electronics e-commerce SEO,160,low,commercial,industry-electronics,medium,3,industry-vertical,industry-service,,Ecommerce,21
DTC e-commerce marketing,280,low,commercial,industry-ecommerce,high,3,industry-vertical,industry-service,,Ecommerce,37
law firm SEO,590,medium,commercial,industry-legal,high,3,industry-vertical,industry-service,,Legal,78
SEO for lawyers,480,medium,commercial,industry-legal,high,3,industry-vertical,service-for-industry,,Legal,63
legal services digital marketing,340,low,commercial,industry-legal,high,4,industry-vertical,industry-service,,Legal,45
attorney SEO Malaysia,160,low,commercial,industry-legal,medium,3,industry-vertical,industry-service-location,,Legal,21
law firm lead generation,290,low,commercial,industry-legal,high,4,industry-vertical,industry-service,,Legal,38
legal content marketing,220,low,commercial,industry-legal,medium,3,industry-vertical,industry-service,,Legal,29
lawyer PPC management,180,low,commercial,industry-legal,medium,3,industry-vertical,industry-service,,Legal,24
legal practice marketing,240,low,commercial,industry-legal,high,3,industry-vertical,industry-service,,Legal,32
law firm website design,310,low,commercial,industry-legal,high,4,industry-vertical,industry-service,,Legal,41
legal SEO services,420,medium,commercial,industry-legal,high,3,industry-vertical,industry-service,,Legal,55
accounting firm SEO,460,medium,commercial,industry-accounting,high,3,industry-vertical,industry-service,,Accounting,60
SEO for accountants,360,low,commercial,industry-accounting,high,3,industry-vertical,service-for-industry,,Accounting,47
accounting digital marketing,280,low,commercial,industry-accounting,high,3,industry-vertical,industry-service,,Accounting,37
CPA firm marketing,190,low,commercial,industry-accounting,medium,3,industry-vertical,industry-service,,Accounting,25
accounting lead generation,240,low,commercial,industry-accounting,high,3,industry-vertical,industry-service,,Accounting,32
bookkeeping SEO,210,low,commercial,industry-accounting,medium,2,industry-vertical,industry-service,,Accounting,28
tax services SEO,260,low,commercial,industry-tax,medium,3,industry-vertical,industry-service,,Tax,34
accounting practice marketing,180,low,commercial,industry-accounting,medium,3,industry-vertical,industry-service,,Accounting,24
financial advisor SEO,320,low,commercial,industry-financial,high,3,industry-vertical,industry-service,,Financial,42
accounting firm website,240,low,commercial,industry-accounting,medium,3,industry-vertical,industry-service,,Accounting,32
real estate SEO,740,high,commercial,industry-realestate,high,3,industry-vertical,industry-service,,RealEstate,97
SEO for real estate agents,480,medium,commercial,industry-realestate,high,5,industry-vertical,service-for-industry,,RealEstate,63
real estate digital marketing,560,medium,commercial,industry-realestate,high,4,industry-vertical,industry-service,,RealEstate,74
property marketing Malaysia,290,low,commercial,industry-realestate,high,3,industry-vertical,industry-service-location,,RealEstate,38
real estate lead generation,420,medium,commercial,industry-realestate,high,4,industry-vertical,industry-service,,RealEstate,55
real estate agent SEO,340,low,commercial,industry-realestate,high,4,industry-vertical,industry-service,,RealEstate,45
property listing optimization,180,low,commercial,industry-realestate,medium,3,industry-vertical,industry-service,,RealEstate,24
real estate content marketing,260,low,commercial,industry-realestate,medium,4,industry-vertical,industry-service,,RealEstate,34
real estate PPC ads,310,low,commercial,industry-realestate,high,4,industry-vertical,industry-service,,RealEstate,41
property website SEO,240,low,commercial,industry-realestate,medium,3,industry-vertical,industry-service,,RealEstate,32
manufacturing SEO,380,low,commercial,industry-manufacturing,high,2,industry-vertical,industry-service,,Manufacturing,50
SEO for manufacturers,290,low,commercial,industry-manufacturing,high,3,industry-vertical,service-for-industry,,Manufacturing,38
manufacturing digital marketing,340,low,commercial,industry-manufacturing,high,3,industry-vertical,industry-service,,Manufacturing,45
industrial SEO,260,low,commercial,industry-industrial,medium,2,industry-vertical,industry-service,,Industrial,34
manufacturing lead generation,240,low,commercial,industry-manufacturing,high,3,industry-vertical,industry-service,,Manufacturing,32
factory SEO Malaysia,110,low,commercial,industry-manufacturing,medium,3,industry-vertical,industry-service-location,,Manufacturing,15
B2B manufacturing marketing,190,low,commercial,industry-manufacturing,high,4,industry-vertical,industry-service,,Manufacturing,25
manufacturing website SEO,160,low,commercial,industry-manufacturing,medium,3,industry-vertical,industry-service,,Manufacturing,21
industrial equipment SEO,140,low,commercial,industry-industrial,medium,3,industry-vertical,industry-service,,Industrial,18
manufacturing content marketing,180,low,commercial,industry-manufacturing,medium,3,industry-vertical,industry-service,,Manufacturing,24
construction SEO,480,medium,commercial,industry-construction,high,2,industry-vertical,industry-service,,Construction,63
SEO for contractors,360,low,commercial,industry-construction,high,3,industry-vertical,service-for-industry,,Construction,47
construction digital marketing,420,medium,commercial,industry-construction,high,3,industry-vertical,industry-service,,Construction,55
contractor lead generation,340,low,commercial,industry-construction,high,3,industry-vertical,industry-service,,Construction,45
construction company SEO,290,low,commercial,industry-construction,high,3,industry-vertical,industry-service,,Construction,38
building contractor marketing,220,low,commercial,industry-construction,medium,3,industry-vertical,industry-service,,Construction,29
construction website SEO,240,low,commercial,industry-construction,medium,3,industry-vertical,industry-service,,Construction,32
contractor PPC ads,280,low,commercial,industry-construction,high,3,industry-vertical,industry-service,,Construction,37
construction content marketing,190,low,commercial,industry-construction,medium,3,industry-vertical,industry-service,,Construction,25
home builder SEO,260,low,commercial,industry-construction,high,3,industry-vertical,industry-service,,Construction,34
hotel SEO,420,medium,commercial,industry-hospitality,high,2,industry-vertical,industry-service,,Hospitality,55
SEO for hotels,340,low,commercial,industry-hospitality,high,3,industry-vertical,service-for-industry,,Hospitality,45
hospitality digital marketing,290,low,commercial,industry-hospitality,high,3,industry-vertical,industry-service,,Hospitality,38
hotel booking optimization,180,low,commercial,industry-hospitality,medium,3,industry-vertical,industry-service,,Hospitality,24
resort SEO Malaysia,120,low,commercial,industry-hospitality,medium,3,industry-vertical,industry-service-location,,Hospitality,16
hotel lead generation,240,low,commercial,industry-hospitality,high,3,industry-vertical,industry-service,,Hospitality,32
accommodation marketing,190,low,commercial,industry-hospitality,medium,2,industry-vertical,industry-service,,Hospitality,25
hotel website SEO,260,low,commercial,industry-hospitality,high,3,industry-vertical,industry-service,,Hospitality,34
tourism marketing,380,medium,commercial,industry-tourism,high,2,industry-vertical,industry-service,,Tourism,50
hotel PPC management,210,low,commercial,industry-hospitality,medium,3,industry-vertical,industry-service,,Hospitality,28
why is my website not ranking in Google,1240,low,informational,problem-ranking,high,7,problem-solution,problem-question,,,163
website not getting traffic,890,low,informational,problem-traffic,high,4,problem-solution,problem-statement,,,117
how to fix low website traffic,640,low,informational,problem-traffic,high,6,problem-solution,problem-how-to,,,84
why my business doesn't appear on Google,380,low,informational,problem-visibility,high,6,problem-solution,problem-question,,,50
website not showing up in search,560,low,informational,problem-visibility,high,5,problem-solution,problem-statement,,,74
how to increase organic traffic,1890,medium,informational,problem-traffic,high,5,problem-solution,problem-how-to,,,248
website traffic dropped suddenly,420,low,informational,problem-traffic,high,4,problem-solution,problem-statement,,,55
why is my website ranking going down,340,low,informational,problem-ranking,high,6,problem-solution,problem-question,,,45
how to improve search rankings,1240,medium,informational,problem-ranking,high,5,problem-solution,problem-how-to,,,163
website visibility issues,280,low,informational,problem-visibility,medium,3,problem-solution,problem-statement,,,37
not getting leads from website,460,low,commercial,problem-leads,high,5,problem-solution,problem-statement,,,60
how to get more enquiries online,380,low,commercial,problem-leads,high,6,problem-solution,problem-how-to,,,50
website not converting visitors,340,low,commercial,problem-conversion,high,4,problem-solution,problem-statement,,,45
low conversion rate issues,290,low,commercial,problem-conversion,medium,4,problem-solution,problem-statement,,,38
how to generate leads online,1120,medium,commercial,problem-leads,high,5,problem-solution,problem-how-to,,,147
no leads from SEO,240,low,commercial,problem-leads,medium,4,problem-solution,problem-statement,,,32
how to increase website enquiries,310,low,commercial,problem-leads,high,5,problem-solution,problem-how-to,,,41
generate more online leads,420,low,commercial,problem-leads,high,4,problem-solution,problem-statement,,,55
website lead generation strategies,360,low,commercial,problem-leads,high,4,problem-solution,problem-statement,,,47
convert website traffic to customers,490,low,commercial,problem-conversion,high,5,problem-solution,problem-how-to,,,64
Google penalty recovery,640,medium,informational,problem-penalty,high,3,problem-solution,problem-statement,,,84
website not indexed by Google,420,low,informational,problem-indexing,high,5,problem-solution,problem-statement,,,55
how to remove Google penalty,380,low,informational,problem-penalty,high,5,problem-solution,problem-how-to,,,50
website disappeared from Google,340,low,informational,problem-visibility,high,4,problem-solution,problem-statement,,,45
fix low domain authority,290,low,informational,problem-authority,medium,4,problem-solution,problem-statement,,,38
improve website speed for SEO,560,low,informational,problem-technical,high,5,problem-solution,problem-how-to,,,74
mobile SEO issues,380,low,informational,problem-technical,medium,3,problem-solution,problem-statement,,,50
fix duplicate content issues,310,low,informational,problem-technical,medium,4,problem-solution,problem-statement,,,41
resolve crawl errors,260,low,informational,problem-technical,medium,3,problem-solution,problem-statement,,,34
technical SEO audit,740,medium,commercial,problem-technical,high,3,problem-solution,problem-statement,,,97
PPC too expensive alternatives,420,low,commercial,problem-ppc,high,4,problem-solution,problem-statement,,,55
Google Ads cost too high,360,low,commercial,problem-ppc,high,5,problem-solution,problem-statement,,,47
reduce PPC costs,490,low,commercial,problem-ppc,high,3,problem-solution,problem-statement,,,64
paid advertising not working,340,low,commercial,problem-ppc,high,4,problem-solution,problem-statement,,,45
lower cost per click,380,low,commercial,problem-ppc,medium,4,problem-solution,problem-statement,,,50
Facebook ads too expensive,310,low,commercial,problem-ppc,medium,4,problem-solution,problem-statement,,,41
alternative to paid advertising,560,low,commercial,problem-ppc,high,4,problem-solution,problem-statement,,,74
reduce ad spend increase ROI,280,low,commercial,problem-ppc,high,5,problem-solution,problem-how-to,,,37
PPC not converting,290,low,commercial,problem-ppc,medium,3,problem-solution,problem-statement,,,38
high CPC solutions,240,low,commercial,problem-ppc,medium,3,problem-solution,problem-statement,,,32
content not ranking,560,low,informational,problem-content,high,3,problem-solution,problem-statement,,,74
blog posts not getting traffic,480,low,informational,problem-content,high,5,problem-solution,problem-statement,,,63
how to write SEO content,1340,medium,informational,problem-content,high,5,problem-solution,problem-how-to,,,176
content marketing not working,340,low,commercial,problem-content,medium,4,problem-solution,problem-statement,,,45
blog not generating leads,290,low,commercial,problem-content,high,4,problem-solution,problem-statement,,,38
improve content visibility,420,low,informational,problem-content,high,3,problem-solution,problem-statement,,,55
content strategy for small business,560,low,commercial,problem-content,high,5,problem-solution,problem-statement,,,74
how to scale content production,380,low,informational,problem-content,high,5,problem-solution,problem-how-to,,,50
content marketing automation,640,medium,commercial,problem-content,high,3,problem-solution,problem-statement,,,84
blog SEO optimization,490,low,informational,problem-content,high,3,problem-solution,problem-statement,,,64
competitors ranking higher,640,low,informational,problem-competition,high,3,problem-solution,problem-statement,,,84
how to outrank competitors,560,low,informational,problem-competition,high,4,problem-solution,problem-how-to,,,74
competitor analysis SEO,780,medium,informational,problem-competition,high,3,problem-solution,problem-statement,,,102
beat competition in search,340,low,commercial,problem-competition,high,4,problem-solution,problem-statement,,,45
competitor backlink analysis,420,low,informational,problem-competition,medium,3,problem-solution,problem-statement,,,55
why competitors rank higher,290,low,informational,problem-competition,medium,4,problem-solution,problem-question,,,38
outrank competitors Google,380,low,commercial,problem-competition,high,3,problem-solution,problem-statement,,,50
competitive SEO strategy,490,low,commercial,problem-competition,high,3,problem-solution,problem-statement,,,64
market share SEO,210,low,commercial,problem-competition,medium,3,problem-solution,problem-statement,,,28
competitor keyword research,560,low,informational,problem-competition,high,3,problem-solution,problem-statement,,,74
how to rank on ChatGPT,890,low,informational,how-to-ai,high,5,question-based,how-to,,,117
how to optimize for AI search,640,low,informational,how-to-ai,high,6,question-based,how-to,,,84
how to do keyword research,2340,medium,informational,how-to-seo,high,5,question-based,how-to,,,307
how to increase website traffic,2890,medium,informational,how-to-traffic,high,5,question-based,how-to,,,380
how to generate leads online,1120,medium,commercial,how-to-leads,high,5,question-based,how-to,,,147
how to improve SEO,1640,medium,informational,how-to-seo,high,4,question-based,how-to,,,215
how to rank higher on Google,1240,medium,informational,how-to-ranking,high,6,question-based,how-to,,,163
how to get backlinks,1890,medium,informational,how-to-linkbuilding,high,4,question-based,how-to,,,248
how to write SEO content,1340,medium,informational,how-to-content,high,5,question-based,how-to,,,176
how to do local SEO,740,low,informational,how-to-local,high,5,question-based,how-to,,,97
what is SEO marketing,3240,medium,informational,what-is-seo,high,4,question-based,what-is,,,426
what is content marketing,2890,medium,informational,what-is-content,high,4,question-based,what-is,,,380
what is on-page SEO,1240,low,informational,what-is-seo,high,4,question-based,what-is,,,163
what is off-page SEO,890,low,informational,what-is-seo,high,4,question-based,what-is,,,117
what is technical SEO,1140,medium,informational,what-is-seo,high,4,question-based,what-is,,,150
what is local SEO,1340,medium,informational,what-is-local,high,4,question-based,what-is,,,176
what is link building,1640,medium,informational,what-is-linkbuilding,high,4,question-based,what-is,,,215
what is keyword research,2140,medium,informational,what-is-keyword,high,4,question-based,what-is,,,281
what is SERP,1890,medium,informational,what-is-seo,high,3,question-based,what-is,,,248
what is domain authority,1540,medium,informational,what-is-authority,high,4,question-based,what-is,,,202
why SEO is important,1740,medium,informational,why-seo,high,4,question-based,why,,,228
why content marketing matters,640,low,informational,why-content,medium,4,question-based,why,,,84
why website speed matters,890,low,informational,why-technical,high,4,question-based,why,,,117
why backlinks are important,1240,medium,informational,why-linkbuilding,high,4,question-based,why,,,163
why local SEO is crucial,560,low,commercial,why-local,high,5,question-based,why,,,74
why mobile SEO matters,480,low,informational,why-mobile,medium,4,question-based,why,,,63
why SEO takes time,740,low,informational,why-seo,medium,4,question-based,why,,,97
why keyword research is important,890,low,informational,why-keyword,high,5,question-based,why,,,117
why technical SEO matters,560,low,informational,why-technical,medium,4,question-based,why,,,74
why user experience affects SEO,640,low,informational,why-ux,medium,5,question-based,why,,,84
when to hire an SEO agency,640,low,commercial,when-agency,high,6,question-based,when,,,84
when to start SEO,560,low,informational,when-seo,medium,4,question-based,when,,,74
when to update website content,420,low,informational,when-content,medium,5,question-based,when,,,55
when to use paid ads,480,low,commercial,when-ppc,medium,5,question-based,when,,,63
when to do keyword research,380,low,informational,when-keyword,medium,5,question-based,when,,,50
when to build backlinks,340,low,informational,when-linkbuilding,medium,4,question-based,when,,,45
when SEO results appear,890,low,informational,when-seo,high,4,question-based,when,,,117
when to refresh content,310,low,informational,when-content,medium,4,question-based,when,,,41
when to change SEO strategy,280,low,informational,when-seo,medium,5,question-based,when,,,37
when to invest in content marketing,340,low,commercial,when-content,medium,6,question-based,when,,,45
Ahrefs vs SEMrush,1240,medium,commercial,comparison-tools,high,3,comparison,tool-vs-tool,,,163
Moz vs SEMrush,640,low,commercial,comparison-tools,medium,3,comparison,tool-vs-tool,,,84
Ubersuggest vs Ahrefs,480,low,commercial,comparison-tools,medium,3,comparison,tool-vs-tool,,,63
free vs paid SEO tools,560,low,commercial,comparison-tools,high,5,comparison,service-vs-service,,,74
SEMrush vs Google Search Console,380,low,commercial,comparison-tools,medium,5,comparison,tool-vs-tool,,,50
best keyword research tool comparison,420,low,commercial,comparison-tools,high,5,comparison,comparison-statement,,,55
SEO tool alternatives,490,low,commercial,comparison-tools,medium,3,comparison,alternative-statement,,,64
budget SEO tools vs enterprise,290,low,commercial,comparison-tools,medium,5,comparison,service-vs-service,,,38
SEO agency vs in-house SEO,640,low,commercial,comparison-agency,high,5,comparison,service-vs-service,,,84
organic vs paid search,1240,medium,informational,comparison-strategy,high,4,comparison,service-vs-service,,,163
content marketing vs paid ads,560,low,commercial,comparison-strategy,high,4,comparison,service-vs-service,,,74
local SEO vs national SEO,380,low,informational,comparison-strategy,medium,5,comparison,service-vs-service,,,50
white label SEO vs agency,290,low,commercial,comparison-agency,medium,5,comparison,service-vs-service,,,38
SEO vs SEM,1890,high,informational,comparison-strategy,high,3,comparison,service-vs-service,,,248
on-page vs off-page SEO,740,low,informational,comparison-seo,high,4,comparison,service-vs-service,,,97
DIY SEO vs hiring agency,480,low,commercial,comparison-agency,high,5,comparison,service-vs-service,,,63
alternative to Google Ads,890,medium,commercial,comparison-alternative,high,4,comparison,alternative-statement,,,117
alternative to Facebook Ads,560,low,commercial,comparison-alternative,high,4,comparison,alternative-statement,,,74
alternative to expensive SEO tools,340,low,commercial,comparison-alternative,medium,5,comparison,alternative-statement,,,45
alternative to paid advertising,640,low,commercial,comparison-alternative,high,4,comparison,alternative-statement,,,84
PPC alternative for small business,380,low,commercial,comparison-alternative,high,5,comparison,alternative-statement,,,50
organic marketing alternative to paid ads,290,low,commercial,comparison-alternative,medium,6,comparison,alternative-statement,,,38
SEO alternative to PPC,420,low,commercial,comparison-alternative,high,4,comparison,alternative-statement,,,55
content marketing vs paid ads,560,low,commercial,comparison-strategy,high,4,comparison,service-vs-service,,,74
free keyword research tools 2026,1640,medium,commercial,tools-free,high,5,tools,tool-list,,,215
free SEO tools for small business,890,low,commercial,tools-free,high,6,tools,tool-list,,,117
free content marketing tools,740,low,commercial,tools-free,high,4,tools,tool-list,,,97
free website audit tools,640,low,commercial,tools-free,high,4,tools,tool-list,,,84
free backlink checker tools,1240,medium,commercial,tools-free,high,4,tools,tool-list,,,163
free rank tracking tools,560,low,commercial,tools-free,medium,4,tools,tool-list,,,74
free local SEO tools,480,low,commercial,tools-free,medium,4,tools,tool-list,,,63
free competitor analysis tools,890,medium,commercial,tools-free,high,4,tools,tool-list,,,117
best SEO tools 2026,2340,high,commercial,tools-paid,high,4,tools,tool-list,,,307
best keyword research tools,2140,high,commercial,tools-paid,high,4,tools,tool-list,,,281
best content marketing tools,1340,medium,commercial,tools-paid,high,4,tools,tool-list,,,176
best PPC management tools,640,low,commercial,tools-paid,medium,4,tools,tool-list,,,84
best analytics tools,1890,high,commercial,tools-paid,high,3,tools,tool-list,,,248
best rank tracking software,740,medium,commercial,tools-paid,medium,4,tools,tool-list,,,97
best link building tools,1140,medium,commercial,tools-paid,high,4,tools,tool-list,,,150
best SEO agency tools,560,low,commercial,tools-paid,medium,4,tools,tool-list,,,74
SEO checklist 2026,1240,medium,informational,resources-checklist,high,3,resources,checklist,,,163
content marketing templates,890,low,commercial,resources-template,high,3,resources,template,,,117
keyword research template,1140,medium,commercial,resources-template,high,3,resources,template,,,150
SEO audit checklist,1640,medium,informational,resources-checklist,high,3,resources,checklist,,,215
local SEO checklist,740,low,informational,resources-checklist,high,3,resources,checklist,,,97
technical SEO checklist,1340,medium,informational,resources-checklist,high,3,resources,checklist,,,176
link building template,560,low,commercial,resources-template,medium,3,resources,template,,,74
content calendar template,1890,medium,commercial,resources-template,high,3,resources,template,,,248