keyword,search_volume,difficulty,intent,topic_cluster,priority,word_count,estimated_cpc,competition
AI SEO agency,20,35,navigational,AI Search Optimization,HIGH,3,3.39,MEDIUM
best SEO company in Malaysia,260,7,commercial,SEO Agency Malaysia,HIGH,5,6.63,LOW
SEO consultant Malaysia,590,40,navigational,SEO Agency Malaysia,HIGH,3,2.14,LOW
malaysia SEO consultant,590,13,navigational,SEO Agency Malaysia,HIGH,3,4.4,LOW
digital marketing seo,140,63,commercial,SEO Services,MEDIUM,3,3.28,LOW
seo marketing agency,70,0,navigational,SEO Agency Malaysia,MEDIUM,3,4.53,LOW
digital agency malaysia,210,35,navigational,SEO Agency Malaysia,MEDIUM,3,1.79,MEDIUM
ecommerce seo services,40,0,navigational,Vertical SEO - E-commerce,HIGH,3,0,LOW
best seo agency,50,0,navigational,SEO Agency Malaysia,MEDIUM,3,11.72,LOW
seo consultant,390,19,navigational,SEO Services,MEDIUM,2,14.81,LOW
seo digital marketing agency,20,0,commercial,SEO Agency Malaysia,MEDIUM,4,0,LOW
seo digital marketing company,20,0,commercial,SEO Agency Malaysia,MEDIUM,4,0,LOW
sem and seo marketing,390,26,navigational,SEO Services,MEDIUM,4,3.45,LOW
near me digital marketing agency,110,0,navigational,Local SEO Malaysia,MEDIUM,5,4.22,MEDIUM
google seo agency,30,0,navigational,SEO Agency Malaysia,LOW,3,0,MEDIUM
seo malaysia agency,20,48,navigational,SEO Agency Malaysia,MEDIUM,3,0,LOW
global seo company,20,0,navigational,SEO Services,LOW,3,0,LOW
seo and digital marketing company,20,0,navigational,SEO Agency Malaysia,MEDIUM,5,8.02,LOW
seo writing,70,65,informational,Content Marketing,MEDIUM,2,1.72,LOW
search engine marketing malaysia,210,19,commercial,SEO Agency Malaysia,HIGH,4,0,LOW
seo ads,30,0,navigational,SEO Services,LOW,2,4.15,MEDIUM
seo content writing,50,66,informational,Content Marketing,HIGH,3,0.72,MEDIUM
seo pricing packages,50,0,commercial,SEO Agency Malaysia,HIGH,3,4.39,LOW
local seo marketing services,20,0,navigational,Local SEO Malaysia,HIGH,4,0,LOW
what is seo marketing,70,59,informational,SEO Education,MEDIUM,4,0.09,LOW
seo strategy,110,80,commercial,SEO Strategy,MEDIUM,2,1.09,LOW
seo copywriting,30,0,informational,Content Marketing,MEDIUM,2,1.15,LOW
seo company singapore,50,0,commercial,SEO Services,LOW,3,18.11,LOW
seo services ecommerce,40,0,commercial,Vertical SEO - E-commerce,HIGH,3,0,LOW
seo marketing basics,30,0,commercial,SEO Education,MEDIUM,3,0.72,MEDIUM
seo for law firms,20,0,navigational,Vertical SEO - Professional Services,HIGH,4,1.78,LOW
seo agency for law firms,10,0,navigational,Vertical SEO - Professional Services,HIGH,5,0,0
best seo companies for law firms,10,0,commercial,Vertical SEO - Professional Services,HIGH,5,0,LOW
local seo for law firms,10,0,navigational,Vertical SEO - Professional Services,HIGH,4,0,LOW
seo agency for small business,10,0,commercial,SEO for Small Business,HIGH,5,0,LOW
best seo agency for small business,10,0,commercial,SEO for Small Business,HIGH,6,0,0
email marketing examples,170,26,informational,Content Marketing,MEDIUM,3,11.14,LOW
digital marketing examples,110,43,commercial,Content Marketing,MEDIUM,3,0.52,LOW
content marketing examples,70,27,informational,Content Marketing,MEDIUM,3,0.46,LOW
content marketing strategy,50,74,commercial,Content Marketing,HIGH,3,2.38,LOW
content marketing meaning,40,66,informational,Content Marketing,MEDIUM,3,0,LOW
content marketing strategy examples,10,0,informational,Content Marketing,HIGH,4,0,LOW
content marketing strategy framework,10,0,commercial,Content Marketing,HIGH,4,0,0
content marketing strategy template,10,0,commercial,Content Marketing,MEDIUM,4,0,MEDIUM
content marketing strategy pdf,10,0,commercial,Content Marketing,LOW,4,0,0
best content marketing strategy,10,0,commercial,Content Marketing,MEDIUM,4,0,LOW
content strategy in digital marketing,10,0,commercial,Content Marketing,MEDIUM,5,0,0
content strategy template,10,0,commercial,Content Marketing,LOW,3,0.77,HIGH
examples of content marketing on social media,10,0,informational,Content Marketing,MEDIUM,7,0,LOW
digital content marketing examples,10,0,commercial,Content Marketing,MEDIUM,4,0,0
organic content marketing examples,10,0,commercial,Content Marketing,LOW,4,0,0
content marketing strategy examples pdf,10,0,commercial,Content Marketing,LOW,5,0,0
b2c content marketing examples,0,0,commercial,Content Marketing,LOW,4,0,0
seo agency kuala lumpur,90,71,commercial,Local SEO Malaysia,HIGH,4,0,LOW
local seo services malaysia,20,0,navigational,Local SEO Malaysia,HIGH,4,0,LOW
why my website is not ranking in google,0,0,informational,Problem-Solution SEO,HIGH,7,0,0
free keyword research tools,140,90,commercial,SEO Tools & Resources,MEDIUM,4,3.04,LOW
keyword research tools free,110,90,navigational,SEO Tools & Resources,MEDIUM,4,1.77,MEDIUM
free tools for keyword research,110,90,commercial,SEO Tools & Resources,MEDIUM,5,1.77,MEDIUM
tools for keyword research,70,100,commercial,SEO Tools & Resources,MEDIUM,4,1.71,MEDIUM
keyword research tools,70,100,commercial,SEO Tools & Resources,MEDIUM,3,1.71,MEDIUM
keyword research tools google,20,0,navigational,SEO Tools & Resources,LOW,4,2.61,MEDIUM
keyword research tools for seo free,10,0,commercial,SEO Tools & Resources,MEDIUM,6,0,0
top 5 keyword research tools,10,0,transactional,SEO Tools & Resources,LOW,5,0,0
local keyword research tools,10,0,commercial,SEO Tools & Resources,MEDIUM,4,0,LOW
best keyword research tools for seo,10,0,commercial,SEO Tools & Resources,MEDIUM,6,0,LOW
tools to do keyword research,10,0,informational,SEO Tools & Resources,LOW,5,0,0
seo keyword research tools,10,0,commercial,SEO Tools & Resources,MEDIUM,4,3.99,LOW
keyword research tools in seo,10,0,informational,SEO Tools & Resources,LOW,5,0,LOW
best keyword research tools free,10,0,commercial,SEO Tools & Resources,MEDIUM,5,0,LOW
google research keyword tools,10,100,navigational,SEO Tools & Resources,LOW,4,0,0
free seo tools for keyword research,10,0,commercial,SEO Tools & Resources,MEDIUM,6,0,LOW
best seo tools for keyword research,10,0,commercial,SEO Tools & Resources,MEDIUM,6,0,0
top 5 free keyword research tools,10,0,commercial,SEO Tools & Resources,LOW,6,0,0
how to use keyword research tools,10,0,informational,SEO Tools & Resources,MEDIUM,6,0,0
top keyword research tools,10,0,commercial,SEO Tools & Resources,LOW,4,0,LOW
what are keyword research tools,10,0,informational,SEO Tools & Resources,LOW,5,0,0
ai keyword research tools,10,0,commercial,AI Search Optimization,HIGH,4,0,0
keyword research paid tools,10,0,navigational,SEO Tools & Resources,LOW,4,0,0
ppc keyword research tools,10,0,transactional,SEO Tools & Resources,LOW,4,0,MEDIUM
keyword research best tools,10,0,commercial,SEO Tools & Resources,LOW,4,0,0
keyword research tools for seo,10,0,commercial,SEO Tools & Resources,MEDIUM,5,3.99,LOW
top 10 free keyword research tools,10,0,commercial,SEO Tools & Resources,LOW,6,0,0
best keyword research tools,10,82,commercial,SEO Tools & Resources,MEDIUM,4,0,LOW
popular keyword research tools,10,0,commercial,SEO Tools & Resources,LOW,4,0,LOW
best free keyword research tools,10,0,commercial,SEO Tools & Resources,MEDIUM,5,0,LOW
seo strategy for small business,10,0,commercial,SEO for Small Business,HIGH,5,0,0
how increase website traffic,30,76,informational,Problem-Solution SEO,HIGH,4,21.44,HIGH
how to increase website traffic,30,76,informational,Problem-Solution SEO,HIGH,5,7.92,MEDIUM
increase traffic in website,20,0,informational,Problem-Solution SEO,MEDIUM,4,0.32,MEDIUM
website traffic increase,20,0,informational,Problem-Solution SEO,MEDIUM,3,0,LOW
how to increase website traffic through social media,10,0,informational,Problem-Solution SEO,MEDIUM,8,0,0
how to increase traffic to your website through social media,10,0,informational,Problem-Solution SEO,MEDIUM,10,0,LOW
how to increase organic traffic on ecommerce website,10,0,commercial,Vertical SEO - E-commerce,HIGH,8,0,0
how can i increase traffic on my website,10,0,informational,Problem-Solution SEO,MEDIUM,8,0,0
increase traffic on website free,10,0,informational,Problem-Solution SEO,HIGH,5,3.75,MEDIUM
increase website traffic fast,10,0,informational,Problem-Solution SEO,HIGH,4,0,0
increase organic traffic to website,10,0,transactional,Problem-Solution SEO,HIGH,5,0,0
why increase website traffic,10,0,informational,Problem-Solution SEO,MEDIUM,4,0,0
increase traffic my website,10,0,navigational,Problem-Solution SEO,LOW,4,0,0
how to increase traffic to your wordpress website,10,0,commercial,Problem-Solution SEO,MEDIUM,8,0,0
increase website traffic meaning,10,0,informational,Problem-Solution SEO,LOW,4,0,0
increase website traffic free,10,0,commercial,Problem-Solution SEO,HIGH,4,3.75,MEDIUM
how to increase website traffic organically,10,0,commercial,Problem-Solution SEO,HIGH,6,0,LOW
increase traffic your website,10,0,commercial,Problem-Solution SEO,MEDIUM,4,0,0
seo to increase website traffic,10,0,informational,Problem-Solution SEO,HIGH,5,0,0
increase traffic website free,10,0,commercial,Problem-Solution SEO,HIGH,4,0.71,HIGH
increase website traffic hack,0,0,commercial,Problem-Solution SEO,MEDIUM,4,0,0
how to increase website traffic for free in 2021,0,0,commercial,Problem-Solution SEO,LOW,9,0,0
seo tips to increase website traffic,0,0,commercial,Problem-Solution SEO,HIGH,6,0,0
increase website traffic smart goal,0,0,transactional,Problem-Solution SEO,LOW,4,0,0
how to increase traffic to your ecommerce website,0,0,commercial,Vertical SEO - E-commerce,HIGH,8,0,0
how to increase website traffic using seo,0,0,informational,Problem-Solution SEO,HIGH,7,0,0
how to increase organic traffic to your website,0,0,transactional,Problem-Solution SEO,HIGH,7,0,0
does website traffic increase google ranking,0,0,informational,SEO Education,MEDIUM,6,0,0
how to increase website traffic without seo,0,0,commercial,Problem-Solution SEO,MEDIUM,7,0,0
how to increase website traffic through google,0,0,informational,Problem-Solution SEO,MEDIUM,7,0,0
how to rank on ChatGPT,0,0,informational,AI Search Optimization,HIGH,4,0,0
ChatGPT search optimization,0,0,commercial,AI Search Optimization,HIGH,3,0,0
optimize for ChatGPT search,0,0,commercial,AI Search Optimization,HIGH,4,0,0
Perplexity AI SEO guide,0,0,informational,AI Search Optimization,HIGH,4,0,0
AI search engine optimization,0,0,commercial,AI Search Optimization,HIGH,4,0,0
AI search vs Google search,0,0,informational,AI Search Optimization,MEDIUM,4,0,0
how to appear in AI search results,0,0,informational,AI Search Optimization,HIGH,6,0,0
AI powered SEO agency,0,0,navigational,AI Search Optimization,HIGH,4,0,0
SEO for AI models,0,0,commercial,AI Search Optimization,HIGH,4,0,0
generative engine optimization,0,0,commercial,AI Search Optimization,HIGH,3,0,0
GEO optimization strategy,0,0,commercial,AI Search Optimization,HIGH,3,0,0
optimize content for AI search,0,0,commercial,AI Search Optimization,HIGH,5,0,0
rank higher on Perplexity,0,0,commercial,AI Search Optimization,HIGH,4,0,0
ChatGPT SEO best practices,0,0,informational,AI Search Optimization,HIGH,4,0,0
AI search ranking factors,0,0,informational,AI Search Optimization,MEDIUM,4,0,0
semantic SEO for AI,0,0,commercial,AI Search Optimization,HIGH,4,0,0
structured data for AI search,0,0,commercial,AI Search Optimization,HIGH,5,0,0
entity optimization for AI,0,0,commercial,AI Search Optimization,HIGH,4,0,0
how do AI search engines work,0,0,informational,AI Search Optimization,MEDIUM,6,0,0
AI search optimization guide,0,0,informational,AI Search Optimization,HIGH,4,0,0
SEO for SaaS companies Malaysia,0,0,commercial,Vertical SEO - SaaS,HIGH,5,0,0
SaaS SEO strategy,10,0,commercial,Vertical SEO - SaaS,HIGH,3,0,0
B2B SaaS SEO agency,0,0,navigational,Vertical SEO - SaaS,HIGH,4,0,0
software company SEO services,0,0,commercial,Vertical SEO - SaaS,HIGH,4,0,0
cloud software SEO,0,0,commercial,Vertical SEO - SaaS,MEDIUM,3,0,0
SaaS keyword research,0,0,informational,Vertical SEO - SaaS,HIGH,3,0,0
SaaS content marketing,0,0,commercial,Vertical SEO - SaaS,HIGH,3,0,0
B2B software SEO,0,0,commercial,Vertical SEO - SaaS,HIGH,3,0,0
enterprise software SEO,0,0,commercial,Vertical SEO - SaaS,MEDIUM,3,0,0
SaaS lead generation SEO,0,0,commercial,Vertical SEO - SaaS,HIGH,4,0,0
SEO for accounting firms Malaysia,0,0,commercial,Vertical SEO - Professional Services,HIGH,5,0,0
lawyer SEO Malaysia,0,0,commercial,Vertical SEO - Professional Services,HIGH,3,0,0
professional services SEO,0,0,commercial,Vertical SEO - Professional Services,HIGH,3,0,0
law firm digital marketing,0,0,commercial,Vertical SEO - Professional Services,HIGH,4,0,0
accounting firm SEO,0,0,commercial,Vertical SEO - Professional Services,HIGH,3,0,0
consultant SEO services,0,0,commercial,Vertical SEO - Professional Services,MEDIUM,3,0,0
architecture firm SEO,0,0,commercial,Vertical SEO - Professional Services,MEDIUM,3,0,0
engineering firm SEO,0,0,commercial,Vertical SEO - Professional Services,MEDIUM,3,0,0
medical practice SEO Malaysia,0,0,commercial,Vertical SEO - Professional Services,HIGH,4,0,0
dental clinic SEO,0,0,commercial,Vertical SEO - Professional Services,HIGH,3,0,0
bank SEO Malaysia,0,0,commercial,Vertical SEO - Financial Services,HIGH,3,0,0
financial advisor SEO,0,0,commercial,Vertical SEO - Financial Services,HIGH,3,0,0
insurance company SEO,0,0,commercial,Vertical SEO - Financial Services,HIGH,3,0,0
investment firm SEO,0,0,commercial,Vertical SEO - Financial Services,MEDIUM,3,0,0
fintech SEO Malaysia,0,0,commercial,Vertical SEO - Financial Services,HIGH,3,0,0
credit services SEO,0,0,commercial,Vertical SEO - Financial Services,HIGH,3,0,0
mortgage broker SEO,0,0,commercial,Vertical SEO - Financial Services,MEDIUM,3,0,0
wealth management SEO,0,0,commercial,Vertical SEO - Financial Services,MEDIUM,3,0,0
online banking SEO,0,0,commercial,Vertical SEO - Financial Services,MEDIUM,3,0,0
cryptocurrency SEO services,0,0,commercial,Vertical SEO - Financial Services,MEDIUM,3,0,0
long tail keywords SEO,10,0,informational,Long-Tail Keyword Strategy,HIGH,4,0,MEDIUM
benefits of long tail keywords,0,0,informational,Long-Tail Keyword Strategy,HIGH,5,0,0
long tail keyword strategy,0,0,commercial,Long-Tail Keyword Strategy,HIGH,4,0,0
how to find long tail keywords,0,0,informational,Long-Tail Keyword Strategy,HIGH,6,0,0
long tail vs short tail keywords,0,0,informational,Long-Tail Keyword Strategy,MEDIUM,5,0,0
targeting long tail keywords,0,0,commercial,Long-Tail Keyword Strategy,HIGH,4,0,0
long tail keyword examples,0,0,informational,Long-Tail Keyword Strategy,MEDIUM,4,0,0
low competition long tail keywords,0,0,informational,Long-Tail Keyword Strategy,HIGH,5,0,0
why use long tail keywords,0,0,informational,Long-Tail Keyword Strategy,MEDIUM,5,0,0
long tail keyword research,0,0,informational,Long-Tail Keyword Strategy,HIGH,4,0,0
conversational keywords SEO,0,0,commercial,Long-Tail Keyword Strategy,HIGH,3,0,0
question based keywords,0,0,informational,Long-Tail Keyword Strategy,MEDIUM,3,0,0
voice search optimization,0,0,commercial,Long-Tail Keyword Strategy,HIGH,3,0,0
natural language SEO,0,0,commercial,Long-Tail Keyword Strategy,MEDIUM,3,0,0
semantic keyword targeting,0,0,commercial,Long-Tail Keyword Strategy,MEDIUM,3,0,0
affordable SEO packages Malaysia,0,0,commercial,SEO for Small Business,HIGH,4,0,0
cheap SEO services Malaysia,0,0,commercial,SEO for Small Business,MEDIUM,4,0,0
budget friendly SEO,0,0,commercial,SEO for Small Business,HIGH,3,0,0
small business SEO pricing,0,0,commercial,SEO for Small Business,HIGH,4,0,0
startup SEO services,0,0,commercial,SEO for Small Business,HIGH,3,0,0
SME digital marketing Malaysia,0,0,commercial,SEO for Small Business,HIGH,4,0,0
local business SEO,0,0,commercial,Local SEO Malaysia,HIGH,3,0,0
SEO for brick and mortar,0,0,commercial,Local SEO Malaysia,MEDIUM,4,0,0
neighborhood business SEO,0,0,commercial,Local SEO Malaysia,MEDIUM,3,0,0
how to do keyword research for small business,0,0,informational,SEO Education,HIGH,8,0,0
SEO for beginners Malaysia,0,0,informational,SEO Education,HIGH,4,0,0
learn SEO in Malaysia,0,0,informational,SEO Education,MEDIUM,4,0,0
basic SEO tutorial,0,0,informational,SEO Education,MEDIUM,3,0,0
what is on page SEO,0,0,informational,SEO Education,MEDIUM,5,0,0
what is off page SEO,0,0,informational,SEO Education,MEDIUM,5,0,0
technical SEO explained,0,0,informational,SEO Education,MEDIUM,3,0,0
how search engines work,0,0,informational,SEO Education,LOW,4,0,0
Google algorithm updates Malaysia,0,0,informational,SEO Education,MEDIUM,4,0,0
SEO mistakes to avoid,0,0,informational,SEO Education,MEDIUM,4,0,0
white hat SEO techniques,0,0,informational,SEO Education,MEDIUM,4,0,0
SEO agency Penang,0,0,navigational,Local SEO Malaysia,HIGH,3,0,0
SEO services Johor Bahru,0,0,commercial,Local SEO Malaysia,HIGH,4,0,0
digital marketing Petaling Jaya,0,0,commercial,Local SEO Malaysia,MEDIUM,4,0,0
SEO consultant Subang Jaya,0,0,navigational,Local SEO Malaysia,MEDIUM,4,0,0
internet marketing Selangor,0,0,commercial,Local SEO Malaysia,MEDIUM,3,0,0
paid ads too expensive alternative,0,0,commercial,Problem-Solution SEO,HIGH,5,0,0
Google Ads cost too high,0,0,informational,Problem-Solution SEO,HIGH,5,0,0
alternative to paid advertising,0,0,commercial,Problem-Solution SEO,HIGH,4,0,0
organic vs paid search,0,0,informational,Problem-Solution SEO,MEDIUM,4,0,0
reduce PPC costs,0,0,commercial,Problem-Solution SEO,MEDIUM,3,0,0
website not getting traffic,0,0,informational,Problem-Solution SEO,HIGH,4,0,0
why is my website not ranking,0,0,informational,Problem-Solution SEO,HIGH,6,0,0
Google penalty recovery,0,0,commercial,Problem-Solution SEO,MEDIUM,3,0,0
fix low website traffic,0,0,commercial,Problem-Solution SEO,HIGH,4,0,0
improve search rankings fast,0,0,commercial,Problem-Solution SEO,HIGH,4,0,0
how to get more leads online,0,0,commercial,Problem-Solution SEO,HIGH,6,0,0
generate leads from website,0,0,commercial,Problem-Solution SEO,HIGH,4,0,0
convert website visitors to customers,0,0,commercial,Problem-Solution SEO,HIGH,5,0,0
increase online enquiries,0,0,commercial,Problem-Solution SEO,HIGH,3,0,0
landing page optimization Malaysia,0,0,commercial,Problem-Solution SEO,MEDIUM,4,0,0
content marketing automation,10,0,commercial,Content Marketing,HIGH,3,0,MEDIUM
automated content creation,0,0,commercial,Content Marketing,MEDIUM,3,0,0
AI content writing tools,0,0,commercial,Content Marketing,MEDIUM,4,0,0
content calendar automation,0,0,commercial,Content Marketing,MEDIUM,3,0,0
social media automation tools,0,0,commercial,Content Marketing,LOW,4,0,0
blog post automation,0,0,commercial,Content Marketing,MEDIUM,3,0,0
programmatic SEO,0,0,commercial,Content Marketing,HIGH,2,0,0
scalable content production,0,0,commercial,Content Marketing,HIGH,3,0,0
bulk content generation,0,0,commercial,Content Marketing,MEDIUM,3,0,0
content workflow automation,0,0,commercial,Content Marketing,MEDIUM,3,0,0