Top queries,Last 28 days Clicks,Previous 28 days Clicks,Last 28 days Impressions,Previous 28 days Impressions,Last 28 days CTR,Previous 28 days CTR,Last 28 days Position,Previous 28 days Position
loan consolidation,1,0,1,0,100%,0%,24,0
car loan credit company,1,0,1,1,100%,0%,27,1
debt consolidation malaysia,0,0,33,0,0%,0%,67.48,0
debt consolidation loan malaysia,0,0,28,0,0%,0%,64.43,0
business working capital malaysia,0,0,27,0,0%,0%,52.52,0
food equipment financing,0,0,26,0,0%,0%,8.19,0
best equipment financing malaysia,0,0,25,32,0%,0%,45.32,42.94
solar pv system financing,0,0,23,0,0%,0%,57.74,0
pembiayaan peribadi urgent,0,0,22,0,0%,0%,18.23,0
working capital for small business malaysia,0,0,21,0,0%,0%,56.9,0
working capital finance malaysia,0,0,21,0,0%,0%,62.9,0
working capital for small business loan,0,0,19,0,0%,0%,39.63,0
personal loan debt consolidation malaysia,0,0,18,0,0%,0%,68.78,0
loan consolidation malaysia,0,0,17,0,0%,0%,70.06,0
equipment finance loan malaysia,0,0,15,14,0%,0%,44.8,48.5
malaysia debt consolidation loan,0,0,13,0,0%,0%,64.85,0
lorry with crane financing,0,0,11,5,0%,0%,3.55,4.4
ing heng credit,0,0,9,0,0%,0%,5.33,0
pembiayaan 24 jam/1 day,0,0,9,0,0%,0%,13.78,0
sme working capital loan,0,0,9,0,0%,0%,79.33,0
commercial working capital loan,0,0,8,0,0%,0%,39.5,0
working capital loan application,0,0,8,0,0%,0%,44.38,0
sme working capital,0,0,8,0,0%,0%,54.62,0
sme working capital loan interest rate,0,0,8,0,0%,0%,90.25,0
business working capital loans,0,0,8,0,0%,0%,95,0
operating capital loan,0,0,7,0,0%,0%,67.57,0
working capital loan malaysia,0,0,7,0,0%,0%,68.43,0
debt consolidation loan programs,0,0,6,0,0%,0%,95,0
working capital sme loan,0,0,5,0,0%,0%,43.4,0
solar panel financing malaysia,0,0,4,0,0%,0%,31.75,0
solar financing malaysia,0,0,4,0,0%,0%,63.75,0
working capital loan for new business,0,0,4,0,0%,0%,86,0
business working capital loan,0,0,4,0,0%,0%,95.75,0
personal loan to settle credit card malaysia,0,0,3,0,0%,0%,45.33,0
jentolak in english,0,0,3,0,0%,0%,60.67,0
apply for a personal loan in malaysia,0,0,3,0,0%,0%,73.33,0
best debt consolidation malaysia,0,0,3,0,0%,0%,73.67,0
working capital loan interest rate,0,0,3,0,0%,0%,93.33,0
working capital loan for business,0,0,3,0,0%,0%,99,0
hybrid solar systems financing,0,0,2,0,0%,0%,9,0
warehouse equipment leasing,0,0,2,0,0%,0%,23,0
long term loans for people with poor credit,0,0,2,0,0%,0%,29,0
bank finance for solar power,0,0,2,0,0%,0%,35,0
loan for solar system,0,0,2,0,0%,0%,52.5,0
solar loan malaysia,0,0,2,0,0%,0%,61,0
solar panel loan,0,0,2,0,0%,0%,65.5,0
bank loan for solar system,0,0,2,0,0%,0%,67,0
solar loan financing,0,0,2,0,0%,0%,67.5,0
bank loan for solar,0,0,2,0,0%,0%,71,0
solar finance bank,0,0,2,0,0%,0%,71,0
solar financing options,0,0,2,0,0%,0%,76,0
financing solar installation,0,0,2,0,0%,0%,77,0
which banks offer debt consolidation loans in malaysia,0,0,2,0,0%,0%,78,0
bank solar financing,0,0,2,0,0%,0%,78.5,0
personal loan limit malaysia,0,0,2,0,0%,0%,78.5,0
solar system financing,0,0,2,0,0%,0%,79,0
solar energy loans,0,0,2,0,0%,0%,80,0
solar loan banks,0,0,2,0,0%,0%,81.5,0
personal loan consolidation malaysia,0,0,2,0,0%,0%,82,0
solar financing,0,0,2,0,0%,0%,85.5,0
lori kren terpakai untuk dijual,0,0,2,0,0%,0%,87.5,0
working capital loan requirements,0,0,2,0,0%,0%,94.5,0
solar panel financing companies,0,0,2,0,0%,0%,96,0
personal loan klang,0,0,1,0,0%,0%,1,0
leasing traktor,0,0,1,0,0%,0%,2,0
lori sejuk beku,0,0,1,0,0%,0%,9,0
forklift hire purchase,0,0,1,0,0%,0%,11,0
debt consolidation,0,0,1,0,0%,0%,24,0
solar panels financing options,0,0,1,0,0%,0%,24,0
fast working capital loans,0,0,1,0,0%,0%,26,0
heavy machinery loan,0,0,1,0,0%,0%,29,0
debt consolidation loan,0,0,1,0,0%,0%,31,0
solar system financing options,0,0,1,0,0%,0%,31,0
emergency loan malaysia,0,0,1,0,0%,0%,37,0
solar loan,0,0,1,0,0%,0%,45,0
capital working loan,0,0,1,0,0%,0%,52,0
personal loan with collateral malaysia,0,0,1,0,0%,0%,58,0
solar panel loan from bank,0,0,1,0,0%,0%,60,0
solar system bank finance,0,0,1,0,0%,0%,65,0
bank loan on solar system,0,0,1,0,0%,0%,69,0
solar panel bank loan,0,0,1,0,0%,0%,69,0
solar panel financing,0,0,1,0,0%,0%,74,0
solar power financing,0,0,1,0,0%,0%,79,0
solar bank financing,0,0,1,0,0%,0%,80,0
solar panel financing banks,0,0,1,0,0%,0%,81,0
solar energy finance,0,0,1,0,0%,0%,84,0
working capital loan,0,0,1,0,0%,0%,84,0
loan for solar panel installation,0,0,1,0,0%,0%,85,0
solar power loans,0,0,1,0,0%,0%,87,0
loan for solar power plant,0,0,1,0,0%,0%,91,0
best solar financing,0,0,1,0,0%,0%,95,0
commercial solar financing,0,0,1,0,0%,0%,97,0
equipment financing malaysia,0,0,0,4,0%,0%,0,45.75